title	link	faculty	date	content
[유학생 멘토링] 2024-1학년도 유학생 멘토링 멘토 모집	https://koll.cau.ac.kr/board/u-notice/?vid=1	국어국문학과	2024-03-05	안녕하세요,국어국문학과 유학생 조교 임소중입니다.2024-1학년도 유학생 멘토링 프로그램의 멘토를 모집합니다.1.멘토 지원 자격-학업성적이 우수한 자(직전 학기 평점 평균3.5이상) (신입생일 경우 본 기준 제외)-현 학기에 듣는 과목을 기준으로3지망까지 신청 가능※현 학기에 개설된 과목 중 멘토가 듣는 과목이 없을 경우 지난 학기 중 들었던 과목이 있다면 신청 가능-외국인 유학생과 의사소통이 가능한 학생 우대2.멘토 역할-학사 도우미(도서관 등의 학교 시설 이용 안내,전공 수업의 내용 이해,과제 등 수업 관련 정보 안내 등의 지원),학교 생활 도우미(외부활동 및 학교 생활 안내 등)-한 학기 기준 최소7회 이상 모임 진행(수업 멘토,생활 멘토 등)-학과의 자문을 받아 멘티 대상으로 기본적인 학사정보 안내 및 전공 과목 정보 제공-멘토링 활동 보고서 제출(중간·최종 총2회),관련 간담회 참석3.활동기간 및 세부 내용(1)활동 기간 및 조건-학기별 약16주 동안 수시 활동-7회 이상활동을 해야 함(불충족 시 장학금 미지급)-멘토 활동 시간은 한 학기 당 최소15시간 이상으로 함-보고서에는 해당 날짜에 만난 멘티 명단과 사진이 필수로 기입되어야 함-활동 중‘중간보고서’제출(베스트 멘토 관련) /활동 종료 후‘최종보고서’제출(장학금 관련)*이번 학기는 전면 대면 수업이므로 멘토링도 대면 진행을 원칙으로 함.다만,수업 관련 활동의 경우 화상채팅이나 카카오톡 메신저 등 온라인 활동 가능.대면 활동을3회 이상 진행해야 함.온라인 활동을 하는 경우 온라인 상으로 활동했던 자료와 캡쳐 화면 등을 보고서에 기입.(2)3월~4월:주1시간 이상+ 1회 이상 활동 권장(멘토-멘티 간 오리엔테이션 및 정보 교환 시간)-멘토-멘티 간 오리엔테이션 및 정보 교환 시간-학사 도우미 외에 다양한 활동 가능(한글 박물관,서울 투어 등 외부 활동)5월~6월:주1~2시간 이상 활동을 통하여 학사 정보 제공·지원 위주로 자유롭게 진행-학사 정보 제공 및 지원,시험 준비 위주로 자유롭게 진행-오프라인 활동1회 권장:학업 관련 활동이 아니어도 무방함(3)간담회:멘토링 프로그램 중반(중간고사 전후),멘토링 프로그램 종료 후2회진행 예정*오리엔테이션은 줌(zoom)으로 진행함. (추후 변동될 수 있음)(4)활동 조건 충족 시 활동 종료 후 장학금 지급베스트 멘토로 선정된 경우 추가 장학금 지급,외국인 유학생 멘토링 프로그램 활동 확인서 발급4.기타사항(1)멘토링 관련 문의사항은 국어국문학과 사무실(203관835호/ 02-820-5084)이나 담당조교 이메일(limsojung07@cau.ac.kr)로 문의해 주시기 바랍니다.(2)공지사항 및 기타 추가 사항들은 이후 개설될 카카오톡 단체방에서 이루어질 예정입니다.꼭 수시로 확인해주세요.(3)멘토 장학금은 대략500,000원 정도로 예상됩니다. (추후 변동 가능)성실하고 우수하게 멘토링 활동을 한BEST멘토를 선정하여 추가 장학금이 지급될 예정입니다.5.접수기간: 2024년3월5일(화)~2024년3월08일(금) 20:00까지(토/일 중 멘토 선정을 위한 간단한 줌zoom화상 면접 진행 예정)6.지원방법:-첨부파일을 확인하고 신청 양식을 작성 후limsojung07@cau.ac.kr로 제출해주시기 바랍니다.(파일 이름은'학번_이름_2024-1멘토링 멘티 지원서'로 통일해주시기 바랍니다.)*양식 꼭 지켜주세요*>멘토링 관련 문의사항은 국어국문학과 사무실(203관835호/ 02-820-5084)이나[담당조교 임소중]이메일(limsojung07@cau.ac.kr)로 문의해 주시기 바랍니다.멘토링 활동에 많은 관심과 참여 부탁드립니다.감사합니다.
[유학생 멘토링] 2024-1학년도 유학생 멘토링 멘티 모집 (~3/17)	https://koll.cau.ac.kr/board/u-notice/?vid=2	국어국문학과	2024-03-05	안녕하세요,국어국문학과 유학생 조교 임소중입니다.2024-1학년도 유학생 멘토링 프로그램의 멘티를 모집합니다.1.멘티 지원 자격-국어국문학과 재학중인 학생 누구나(*선발 인원 변동 가능)-멘토링 프로그램에 적극적으로 참여할 학생2.멘토링 내용-멘티는 멘토에게학사 도우미(도서관 등의 학교 시설 이용 안내,전공 수업의 내용 이해,과제 등 수업 관련 정보 안내 등의 지원),학교 생활 도우미(외부활동 및 학교 생활 안내 등)관련 멘토링을 받음.-한 학기 기준 최소7회 이상 멘토와의 모임 참석-학과의 자문을 받은 기본적인 학사정보 안내 및 전공 과목 정보를 받음.-멘토링 활동 완료 후 멘티 대상 만족도 조사에 참여해야 함.3.활동기간 및 세부 내용(1)활동 기간 및 조건-학기별 수시 활동 참여(3월~종강까지)-7회 이상활동을 해야 함(불충족 시 장학금 미지급)-멘토와 함께 하는 활동 시간은 한 학기 당 최소15시간 이상으로 함*이번 학기는 전면 대면 수업이므로 멘토링도 대면 진행을 원칙으로 함.다만,수업 관련 활동의 경우 화상채팅이나 카카오톡 메신저 등 온라인 활동 가능.대면 활동을3회 이상 진행해야 함.(2)3월~4월:주1시간 이상+ 1회 이상 활동 권장(멘토-멘티 간 오리엔테이션 및 정보 교환 시간)-멘토-멘티 간 오리엔테이션 및 정보 교환-학사 도우미 외에 다양한 활동 가능(한글 박물관,서울 투어 등 외부 활동)5월~6월:주1~2시간 이상 활동을 통하여 학사 정보 제공·지원 위주로 자유롭게 진행-학사 정보 제공 및 지원,시험 준비 위주로 자유롭게 진행-오프라인 활동1회 권장:학업 관련 활동이 아니어도 무방함(3)활동 조건 충족 시 활동 종료 후 장학금 지급,베스트 멘티로 선정된 경우 추가 장학금 지급4.기타사항(1)공지사항 및 기타 추가 사항들은 이후 개설될 카카오톡 단체방에서 이루어질 예정입니다.꼭 수시로 확인해주세요.5.접수기간: 2024년3월5일(화)~2024년3월17일(일) 20:00까지성실하고 우수하게 멘토링 활동을 한BEST멘티를 선정하여 추가 장학금이 지급될 예정입니다.6.지원방법:-첨부파일을 확인하고 신청 양식을 작성 후limsojung07@cau.ac.kr로 제출해주시기 바랍니다.(파일 이름은'학번_이름_2024-1멘토링 멘티 지원서'로 통일해주시기 바랍니다.)*양식 꼭 지켜주세요*>멘토링 관련 문의사항은 국어국문학과 사무실(203관835호/ 02-820-5084)이나[담당조교 임소중]이메일(limsojung07@cau.ac.kr)로 문의해 주시기 바랍니다.멘토링 활동에 많은 관심과 참여 부탁드립니다.감사합니다.
2024년 8월 졸업 관련 안내	https://koll.cau.ac.kr/board/u-notice/?vid=3	국어국문학과	2024-05-16	1.졸업(수료)예정 신고서 제출: ~ 2024. 6. 21(금)1)제출장소:학과(부)사무실(이메일 제출 가능,반드시 본인 서명 포함)2)제출대상: 2024년8월 졸업대상자(조기졸업 신청자,학적변동자(유예→졸업 등)포함)* 2024년8월 졸업(수료)대상자는 졸업예정신고서 작성 및 제출을 통해 본인의 졸업 가능 여부를 반드시 자가진단해보시기 바랍니다.자가진단 후 문의사항은 학과사무실 또는 인문대학 교학지원팀으로 문의하시기 바랍니다.*졸업예정신고서는2024학년도 하계 계절학기 이수(계절학기 수강 과목,사회봉사학점 등 포함)예정인 학점을모두 포함하여 작성하시기 바라며,별도 표기 해주시기 바랍니다.2.졸업관련 서류 제출구분제출서류(시험)제출기한졸업인정제어학(영어)성적2024년6월21일(금)까지한자 성적토픽 성적(외국인에 한함)공통교양영어면제어학(영어)성적2024학년도 1학기졸업(수료)예정 신고서제출 전까지다전공 취소복수,부,융합,연계,학생설계취소신청서이수구분 변경이수구분 변경 신청서조기졸업신청졸업(수료)예정 신고서에‘조기졸업’체크※다전공 취소를 하더라도 다전공의 이수구분이 자동으로 변경되지 않으니 사전에 반드시 확인※최소 하계방학 시작 전까지 다전공 취소 및 이수구분 변경하시어 본인의 다전공 및 학점 이수구분을 올바르게 정리하시기 바랍니다.3.졸업논문 제출: ~ 2024년 6월 28일(금)-제출 장소:학과(부)사무실-논문 제출 기간:학과(부)별 별도 공지*졸업시험을 진행하는 학과(부)는 학과(부)별 운영4.졸업사정결과 공개 및 졸업사정결과 이의신청기간 운영: 2024년8월 첫째 주 예정-상세 졸업사정결과 발표일 및 이의신청기간은 인문대학 홈페이지(human.cau.ac.kr)공지사항에2024년7월경안내 예정5.졸업 관련 유의사항- 포탈의 졸업예정신고 메뉴는 현재 사용중인 메뉴가 아닙니다.학과 사무실에 졸업(수료)예정신고서를 제출해주시기바랍니다.- 졸업(수료)예정신고서는 일종의‘의견서’이므로 학생이 작성한 희망값으로 최종 확정되는 것이 아닙니다.ex.졸업을 희망하더라도 수업요건을 못갖추면‘졸업불가’, 수업요건을 갖추었지만졸업요건을 못갖추면‘수료’- 졸업(수료)예정신고서에‘유예’로 제출하더라도 최종 졸업사정 결과값이‘졸업가능’이며,기한 내 포탈에 신청을해주셔야 최종적으로 신청이 된 것입니다.- 학번별 교양과정 최대이수기준에 따라 초과 이수한 교양학점은 졸업 사정 시 졸업 학점에서 감산됩니다.- 핵심교양영역별 이수는(2015학번부터)필수사항으로 반드시 확인하시기 바랍니다.- 어학성적 등으로 공통교양영어과목을 면제 받은 자는 반드시 다른 과목으로 해당 학점을 이수할 것(※이수 면제된 과목은 취득학점으로 인정되지 않습니다.)- 24-1학기에 수강한 과목의 이수구분변경은 보관성적 이관일에 이수구분변경신청서 제출- 휴학 중인 자는 모든 졸업요건을 갖추어도 졸업대상에서 제외- 졸업사정 중 본인과 통화가 가능한 연락처로 수정하여 주시기 바라며, ‘02-820-0000’연락처는 학교 전화번호이니모르는 번호라도 반드시 받아주시기 바랍니다.(※포탈→개인마당→개인정보→휴대전화번호 수정)인문대학 교학지원팀
2024학년도 상반기(2024년 8월 졸업)졸업논문 제출 안내(~6월 28일까지)	https://koll.cau.ac.kr/board/u-notice/?vid=4	국어국문학과	2024-05-16	2024년 상반기(2024학년도 8월) 졸업논문 제출 안내1. 제출 기한2023년 6월 28일(금요일) 오후 4시 까지2. 제출 장소현장 제출: 국어국문학과 사무실 (203관 835호)우편 제출: 06975 서울특별시 동작구 흑석로 84 중앙대학교 203관(서라벌홀) 835호 국어국문학과 사무실3. 중요사항제출 시 첨부된 졸업논문 양식에 있는 네 장의 표지를 추가해야 합니다.(지도교수 확인 도장 필수)위 지도교수는 중앙대학교 국어국문학과 전임교수를 말합니다. (학과 홈페이지>학과소개>교수진)논문은 스프링 제본한 것만 제출 가능합니다. (스테이플러, L파일 금지)4. 제출 방법포스트잇에 이름, 학번, 학과(복수전공자만 해당) 작성후 부착하여 제출.졸업(수료) 예정 신고서와 함께 제출 (유예, 수료, 졸업불가(재학)) 졸업사정에 반드시 필요한 서류로 제출 요청→ 작성장법 및 파일 공지사항 확인5. 졸업인정제 (영어, 한자, 토픽 성적표)는 2024년 6월 21일 전까지 인문대학 교학지원팀(현장 제출 또는 이메일 cauhuman@cau.ac.kr) 으로 제출.6. 문의사항02-820-5084/ caukorean@cau.ac.kr
박명진 교수님 고별 강연 안내	https://koll.cau.ac.kr/board/u-notice/?vid=5	국어국문학과	2024-05-21	안녕하세요. 국어국문학과 사무실입니다.박명진 교수님 고별 강연의 일시와 장소를 안내드립니다.학우분들의 많은 참여를 부탁드립니다.일시: 2024년 5월 30일(목) 13:30~15:00장소: 302관 503호감사합니다.
2024학년도 2학기 재입학 · 복학 · 휴학 신청 안내	https://koll.cau.ac.kr/board/u-notice/?vid=6	국어국문학과	2024-06-13	2024학년도2학기재입학·복학·휴학 신청 안내학칙 및 학사일정에 의거하여,중앙대학교2024학년도2학기 재입학·복학·휴학 신청 일정을 아래와 같이 공고합니다.1재입학 일정가.신청기간2024. 7. 1.(월) ~ 2024. 7. 5.(금)매일오전9시~오후4시나.신청방법(홈페이지 양식 다운로드 후 작성 또는 학과 비치용 작성)재입학 원서 작성→방문접수 또는 메일접수(해당 대학 담당자 확인 후 접수)※학사경고제적자 및 징계경력이 있는 자의 재입학:학과장 면담 필수사전에 면담일정 및 상담방법(방문면담, ZOOM면담,또는 전화 면담 등)조율 후 방문※ 신청 기간 내에 원서와 학과장 의견서 함께 제출해야 함다.신청 요건-학사경고제적 및 자퇴자:제적 후1년이 경과 된 자단,미등록 제적자,미복학 제적자는1학기 이후 신청 가능-학사경고 제적자는1년 이상 경과 후1회에 한하여 재입학 신청 가능라.재입학 여부 확인:2024. 7. 24.(수) 이후소속 단과대학 교학지원팀 개별 안내마.유의사항-퇴학자,재입학 심의를 통과하지 못한 자,재학연한이 초과된 자는 재입학을 허가하지 않는다.-재입학의 요건은 갖추었으나 여석이 없을 경우 재입학을 허가하지 않는다.2복학 일정가.신청기간: 2024.7.23.(화)오전10시~ 2024.7.30.(화)오후6시나.신청방법중앙대 포탈(http://mportal.cau.ac.kr)에 접속한 뒤ID / PW입력 후 로그인→학사마당→학적변동신청→복학신청→허가(교학지원팀)→확인(학생본인)다.제대복학 제출서류-전역증 또는 주민등록초본을 스캔하여 복학 신청시 업로드 필수(입대일 및 전역일 기재된 서류여야 함)-학기 개시 후4주 이내 전역이 가능한 자는 이를 증빙할 수 있는 확인서(부대장확인서)를 첨부하여복학 신청할 수 있음.(단 복학신청 기간 내 신청)라.학사경고 휴학자 복학 시 휴학자 학습지원 프로그램 참여자만 복학 신청 및처리가능(필수)-레인보우시스템 접속>인증/진단>학습클리닉>학습동기유형검사(MST)및자기조절학습검사(SLT)실시하기- 검사 결과지(이수증 등)를 e상담민원(처리부서: 학사팀)으로 첨부3휴학 일정가.신청기간: 2024.7.23.(화)오전10시~ 2024.9.27.(금)오후6시(※매일23시~01시까지는 은행 점검 시간으로 인해 처리가 불가하오니 해당 시간을 피해 휴학 신청을 해주시기 바랍니다.)나.신청방법-중앙대 포탈(http://mportal.cau.ac.kr)에 접속한 뒤ID / PW입력 후 로그인→학사마당→학적변동신청→휴학신청→허가(교학지원팀)→확인(학생본인)다.입대휴학 제출서류-입영통지서 사본1부(군복무 중인 경우는 복무확인서)를 스캔하여 휴학 신청시 업로드 필수(입영일 및 입영부대 기재 된 서류)-방문 제출:소속대학 교학지원팀(휴학신청서 및 입영통지서 사본1부 제출)라.창업휴학 신청 절차 및 제출 서류1234567학생신청 및 심사서류 업로드(중앙대 포탈)→학생신청사항창업지원단으로 심의요청→서류심사(필요시학생면담)→현장조사→위원회심의→소속 단과대학 최종승인여부결정→신청학생에게결과 통보학생소속단과대학창업지원단소속 단과대학-제출서류:창업휴학신청서,사업자등록증 및 법인등기부등본,사업계획서,현장점검신청서,기타 필요자료(요청 시)포탈에서 다운받아작성한 후 반드시1개 파일로 통합하여 업로드해야 심사 가능.-신청기한:휴학신청 마감14일전까지 신청완료 요망(현장조사 일정 필요)마.기타-상기의 휴학신청 기간을 지나 질병 또는 기타 부득이한 사유로 휴학신청을하는 경우 기말고사 시작1주일전인2024년12월9일(월)까지 해당 사유를증빙하는 서류를 교학지원팀에 제출하여 허가를 받아야 함.-제출서류1)질병:종합병원에서 발행한4주 이상의 치료를 요하는 진단서2)기타:해당 사유를 입증할 수 있는 서류2024. 06.교 무 처 장
2024-1학기 기말시험 시험시간표 공지	https://koll.cau.ac.kr/board/u-notice/?vid=7	국어국문학과	2024-06-13	2024학년도 1학기 인문대학 기말시험 공지2024학년도 1학기 인문대학 개설 교과목 별 기말시험 유형 및 시간표를 다음과 같이 공지합니다.1. 교과목별 시험유형,일자,시간은 붙임 기말시험 시험시간표 공지 파일을 확인하여 주시기 바랍니다.※공지 후 교과목 사정에 따라변동이 발생할 수 있으므로, 시험 전 반드시 시험관련 사항을e-class로 확인하시고본 공지와 상이한 경우 교과목 담당교수님 및 학과 사무실에재확인 하시기 바랍니다.2.부정행위는 징계 대상입니다.시험진행 시 불미스런 일이 발생하지 않도록 건강한 시험문화를 함께 만들어 주시기 바랍니다.(부정위자 처분 공고 파일 참조)3. 시험윤리 서약서 작성시험 기간 중 1회 중앙대 포털에서 로그인하여 시험윤리 서약서를 작성하여 주시기 바랍니다.4.붙임'e-class를활용한시험운영가이드 및 응시 유의사항' 을꼭확인하시기바랍니다.5.온라인방식(e-class)시험인경우,시험시간보다20분일찍접속하시기바랍니다.
2024학년도 1학기 기말시험 간 부정행위자 처분 공고	https://koll.cau.ac.kr/board/u-notice/?vid=8	국어국문학과	2024-06-13	2024학년도1학기 기말시험 간 부정행위자 처분 공고금번 기말시험 간 부정행위 발생 시,이유를 막론하고무관용 원칙에 따라 아래와 같이 처분하오니 학생 여러분께서는 부정행위가 발생하지 않도록 주의하여 주시기 바랍니다.□부정행위의 유형(대면,비대면 시험 공통 적용)1.타인의 답안지를 훔쳐본 자 및 보여준 자2.노트나 교재,메모,기타 참고서 등을 훔쳐본 자3.타인의 답안지를 보여주도록 강요한 자4.쌍방이 서로 상의한자5.예상문제를 쪽지로 만들어 가지고 있는 자6.책상,책받침 등에 적어 놓은 자7.답안지를 바꾸어 본 자 또는 문제지에 메모하여 문제지를 바꾸어 본 자8.답안지를 외부에서 작성하여 들여온 자9.대리시험을 치른 경우 및 이를 의뢰한 경우10.고사장에서 감독자의 지시에 불복하고 반항 또는 항거행위를 한 자11.교수자의 허가없이 생성형 인공지능(Chat GPT등)을 활용하여 답안을 작성한 자12.기타 부정행위□부정행위 발생 시 처분-부정행위 적발 시 성적 관련 처분(해당과목 낙제,당일과목 전체 낙제,해당학기 전 과목 낙제)후,사안이 중한 경우 징계 처분(근신,유기정학,무기정학,퇴학)까지 받을 수 있음-징계 처분 시 졸업까지 각종 장학금 수혜 불가□부정행위자 처분 절차-부정행위 발생 시 개설대학에서 사실조사 후 부정행위 사실 확정→해당학생 소속대학에 처분 요청→소속대학 교수회의 심의→사안의 경중에 따라 대학 차원의 징계위원회 소집하여 징계 양정 결정→처분또한,비대면 시험 시 응시와 관련 없는 소프트웨어를 사용하면 부정행위로 간주할 수 있으므로,응시 전 메신저 프로그램 및 기타 소프트웨어를 종료하고 시험에 응하시기 바랍니다.다시 한번금번 시험 간 부정행위 발생 시 원칙에 따라 무관용으로 처분함을 강조하는바,학생 여러분께서도 한층 더 부정행위에 대해 경각심을 가지고 시험에 응해 주시기 바랍니다.
2024-1학기 교원자격 무시험검정원서 제출 안내	https://koll.cau.ac.kr/board/u-notice/?vid=9	국어국문학과	2024-06-13	2024-1학기 교원자격 무시험검정원서 제출 안내(학부생)1.대상사범대학 및 일반대학 교직설치학과에서 교직과정을 이수한2024년8월 졸업예정자로서중등학교 정교사(2급),유치원 정교사(2급),보건교사(2급),사서교사(2급),전문상담교사(2급),영양교사(2급)교원자격증 취득을 희망하는 자2.원서 제출기한:~ 2024. 07. 05(금)까지※기한엄수(무시험검정 신청자→각 소속학과 사무실로 제출)3.제출서류①무시험검정원서+개인정보제공동의서1부【붙임 서식】②성적증명서1부③수강신청 확인원1부:포탈→강의마당→수강신청확인원에서2024-1학기로 설정 후 조회 및 출력.(별도의 서명이나 확인란 도장 필요없음.수료생은 미제출)④졸업예정증명서1부(※수료증명서 불가)⑤마약·대마·향정신성의약품중독 검사결과통보서1부【공지사항 바로가기】⑥(간호학과만 해당)간호사 합격확인서 및 면허증 사본1부:추후 제출⑦(식품영양전공만 해당)영양사 합격 확인서 및 면허증 사본1부:추후 제출⑧(해당자에 한함)장애인등록증1부※제반서류는6개월 이내 발급된 것에 한함(단,⑤마약·대마·향정신성의약품 중독 검사결과통보서는1년 이내 발급분까지 유효)※구비서류 순서에 맞추어 제출 요망4.접수처:소속 학과 사무실-우편 제출 가능(단,우편 발송 전 서류 또는 작성내용에1)누락이 없는지,2)구비서류 순서가 맞는지확인 후 발송)-7월5일(금)마감일 소인까지 인정5.기타 요건가.성적기준충족①‘09~’12년 입학자:전체 평균성적75점 이상②‘13년 이후 입학자:전공과목 전체평균75점,교직과목 전체평균80점이상나.교과과정의 변경 등으로 동일명칭의기본이수과목【바로가기】을 이수하지 않은 경우,기본이수과목 일치증명서【다운로드】를 학과사무실에서 확인받은 후 무시험검정원서와 함께 제출다.교직 적성 및 인성검사에‘13학년도 이후 입학자는2회 이상 적격 판정을 받아야 함(’12학년도 이전 입학자는1회)라.응급처치 및 심폐소생술 실습을2회 이상이수하여야 함마.성인지교육2회 이상이수하여야 함(단,사범대학생 중`21학년도 이후 입학자부터는 총4회 이상 이수필요)바.무시험검정원서를 제출하지 않은 학생은 교원자격증 발급이 불가하오니 기간 내에 반드시 제출하여야 함6.문 의:교직팀(teaching@cau.ac.kr, 02-820-6450)2024. 6.사범대학 교직팀붙임1. (서식)무시험검정원서2. (안내)교원자격증 취득 결격사유 안내(마약·대마·향정신성의약품 중독 검사)
[마감]2024 국어국문학과 중앙사랑A 장학금 신청 안내 (8월 16일까지)	https://koll.cau.ac.kr/board/u-notice/?vid=10	국어국문학과	2024-08-01	2024년 국어국문학과 중앙사랑A장학금 신청 안내국어국문학과 학회 및 소모임 활동 지원 및 전공 역량 심화를 위한 활동 안내1. 지원내용-국어국문학과 소속 학회,소모임,재학생으로 구성한 모임 단위 신청 정기 학술제(국문제)준비를 위한 연구 계획서를 공모A.해외탐방B.국내탐방C.학술활동(특히, C.학술활동을 적극적으로 권장/장학금 금액은 제출한 팀에 따라 변동)※기대효과:학회,소모임 등 학생 활동 활성화,전공 역량 강화 및 구성원 간 관계 활성화2.일정-연구(활동)계획서 제출: 8월16일(금) 24:00까지-계획서 심사: 8월19일(월)~8월 말-심사 결과 발표 및 장학금 지급: 9월 초 예정-연구 결과물 제출:국문제 일정에 따라 안내 예정(미정)-결과물 발표:국문제(미정)3.심사-국어국문학과 교수진으로 구성된 평가위원회가 제출된 계획서를 평가4.활동-학과 이메일로 계획안 제출(caukorean@cau.ac.kr)-장학생 선정 후 제출 서류:장학생 서약서(대표 취합 후 제출)-국문제 발표 보고서(문집 제작을 위한 파일)5.규정-중앙사랑A장학금 최초 신청자 우대-24학년도2학기 재학 예정자만 신청 가능(휴학생,수료생,졸업생 장학금 지급 불가)-장학금 수혜자는 계획서에 작성된 참여자에 한하여 지급 가능-중복수혜 불가
2024년 8월 국어국문학과 학위기 배부 일정 안내	https://koll.cau.ac.kr/board/u-notice/?vid=11	국어국문학과	2024-08-21	2024년 8월 국어국문학과 졸업자 학위기 배부- 배부 일정 : 8월 21일부터- 수령 장소: 203관(서라벌홀) 835호,국어국문학과 사무실- 수령 가능 시간: 평일 9시 30분 ~ 6시 사이 수령 가능(8월 26일 ~ 30일 평일 9시 30분 ~ 5시 사이)*대리 수령 시,수령 이전에 졸업자 본인이 학과사무실로 대리인의 이름과 수령시간을 미리 전달해주셔야 합니다.* 학부 하계 학위수여식은 별도로 진행하지 않으니 참고해주시기 바랍니다.(겨울방학 학위수여식에 참석해주시기 바랍니다.)문의 : 국어국문학과 사무실 02) 820-5084
2024-2학기 재학생 정규등록 및 분할등록 안내	https://koll.cau.ac.kr/board/u-notice/?vid=12	국어국문학과	2024-08-23	2024-2학기 등록금 납부 안내1. 등록기간가.일반등록구분일정비고정규 등록2024.8.19.(월) ~ 8.23.(금)납부시간:각 일자별09:00~21:00(단,은행창구 방문 납부:은행 창구 영업시간)(등록기간 중 기타납입금 선택 변경 불가)(본 기간 외 등록 불가)추가 등록2024.9.3.(화) ~ 9.5.(목)최종 등록2024.9.23.(월) ~ 9.27.(금)등록금 고지서 조회·출력2024.8.13.(화) 09:00 ~ 9.27.(금) 21:00중앙대 포탈 로그인 후 조회·출력(아래 메뉴 이용)-기타납입금 선택·정정기간中:포탈>학사마당>등록>기타납입금선택/등록금고지서출력-기타납입금 선택·정정기간外:포탈>학사마당>등록>등록금고지서출력-학부모용 학사정보 서비스 조회·출력 가능(메뉴 동일)기타납입금선택·정정기간1차: 2024.8.13.(화) 9시~ 8.15.(목) 16시본 기간 외 기타납입금 선택 변경 불가등록 후 기타납입금 선택 변경 희망 시→기타납입금 각 항목별 담당부서 문의(고지서 후면 담당부서 연락처 확인)2차: 2024.8.27.(화) 9시~ 8.29.(목) 16시3차: 2024.9.10.(화) 9시~ 9.18.(수) 16시※등록금 실납부금액이 “0원”인 경우도 필수적으로 등록처리를 해야 합니다.자세한 내용은‘3. 등록금실납부금액이 “0원”인 전액장학생의 등록절차’를 참고하시기 바랍니다.나.분할납부구분일정비고분할납부 신청기간2024.8.13.(화) 09:00 ~ 8.23.(금) 20:00까지중앙대 포탈 신청(신청서 제출 필요없음)분할납부 고지서 출력차수별 등록기간과 동일중앙대 포탈 출력(학사마당>등록>분할납부고지서)※분할납부 신청기간 내 미신청 또는 신청 후1차 분납기간 내에 미납할 경우→분할납부 불가하며,등록금 전액을 추가 등록기간 또는 최종 등록기간에 납부하여야 합니다.분할납부 등록 기간1차: 8.19.(월) ~ 8.23.(금)각 일자별9시~21시등록금액 실납부액의25%2차: 9.23.(월) ~ 9.27.(금)각 일자별9시~21시등록금액 실납부액의25%3차: 10.14.(월) ~ 10.18.(금)각 일자별9시~21시등록금액 실납부액의25%4차: 11.11.(월) ~ 11.15.(금)각 일자별9시~21시잔여등록금 전액※ 1차 분할납부의 경우, 한국장학재단 대출 지침에 따라 등록금 대출이 불가합니다.※ 4차 분할납부의 경우, 한국장학재단 대출 실행일정에 따라 등록금 대출이 불가할 수 있으니 본교 일정 및 장학재단 일정을 사전에 반드시 확인하시기 바랍니다.다.학점등록구분일정비고학점등록 납부기간“가.일반등록”기간과 동일재학생 등록기간과 동일신청방법소속 단과대학 교학지원팀 문의홈페이지>대학소개>대학기관>단과대학 교학지원팀 연락처 검색신청자격학사 운영 규정Ⅰ제13조(학점 등록)바로가기납부절차단과대학 교학지원팀에 학점등록 신청→승인→고지서 학점등록금 반영 확인→학점등록금 납부수강신청 후 반드시 소속 단과대학 교학지원팀에 학점등록 신청(수강신청만으로 고지서에 반영되지 않음)학점등록금4학점 미만 수강신청:수업료의1/6학부 기준(대학원은 별도 기준 적용함)4학점 이상7학점 미만 수강신청:수업료의1/37학점 이상10학점 미만 수강신청:수업료의1/210학점 이상 수강신청:수업료 전액※ 분할납부 신청자의 경우, 분할납부 신청 후 학점등록 신청 시 학점등록 금액 반영이 안되므로, 분할납부 신청 전 소속 교학지원팀으로 학점등록 신청 및 승인 후 고지서 금액 변경 확인 후에 분할납부 신청을 하셔야 합니다.2. 납부방법■ 모든 금융기관을 이용한 개인별 등록금 입금계좌로 입금(타행이체, 인터넷뱅킹, 텔레뱅킹, ATM기 이체, 우리은행 신용카드 등)※단, 증권연결계좌, CMA통장 등 일부계좌에서 등록금 입금계좌로 송금이 불가은행으로 방문하여 납부할 경우 반드시 무통장입금증을 수령※ 개인별 등록금 입금계좌란?가. 등록금 수납을 위한 입금전용 가상계좌로예금주는 학생 본인명의로 되어있으며, 1회에 한하여 입금 가능. (계좌이체 방법으로 납부 시 반드시 일일 이체한도 확인요망)나. 입금 방법:2가지 금액 중 선택 가능(고지서에 표기되어 있는 2가지 금액 중 선택하여 납부)① 등록금고지서 실납부금액 (필수)② 등록금고지서 실납부금액 + 본인 선택 기타납입금3. 등록금 실납부금액이 “0”원인 전액장학생의 등록절차■ 기타납입금을 납부하는 경우 : 기타납입금 납부 시, 등록처리 완료■ 기타납입금을 납부하지 않는 경우(아래의 ①, ② 중 택일)① 우리은행 전국 각 지점에 등록금 고지서 지참 방문하여 “0원” 등록처리② 우리은행 홈페이지의 인터넷뱅킹으로 등록처리(우리은행 인터넷뱅킹 가입 필요)☞ 개인> 공과금> 등록금> 등록금 조회/납부> 학교 선택 > 학번입력 > “0”원 등록처리※ 개인> 공과금> 등록금> 등록금 조회/납부> 학교 선택 > 학번입력 > “0”원 등록처리(공인인증서를 이용한 우리은행 인터넷뱅킹 등록필요)4. 등록금 납부여부 확인■ 납부당일 : 중앙대포탈(http://mportal.cau.ac.kr) 개인 접속 후 확인 가능(학사마당 → 등록 → 등록금당일납부확인)■ 다음날부터 : 중앙대포탈(http://mportal.cau.ac.kr) 개인 접속 후 확인 가능(학사마당 → 등록 → 등록금납입확인서 → 연도/학기 설정 후 조회 및 출력)5. 휴학생 등록금 납부제도 폐지■ 2017학년도 1학기부터 휴학생 등록금 납부제도가 폐지됨에 따라휴학예정자(일반휴학, 입대휴학, 질병 휴학 등 모든 휴학예정자 대상)는 등록금을 납부하지 마시기 바랍니다.6. 기타 유의사항■개인정보보호법에 의거, 본교에서는 개인의 등록정보(가상계좌번호, 등록금액, 장학액, 납부여부 확인 등)를 전화 및 팩스 등으로 제공하고 있지 않습니다.재학생 등록금 신용카드 납부 안내구분세부내용납부 가능신용카드우리은행 우리카드(타 카드 납부 불가)납부방법우리은행 우리카드 홈페이지(http://www.wooricard.com/) >라이프>납부서비스>대학등록금카드명의자가 고지서 지참하여 우리은행 각 지점 방문유의사항체크카드,법인카드 불가전액 결제시 가능(현금과 나누어 납부 불가)등록금 결제 후 취소 불가(단,당일 납부시간내에 취소 가능)발급 및 한도 안내안내 전화: 1588-9955등록금 분할 납부 지침1. 관련근거학칙 제22조(등록 및 납입금) ④항2. 대    상등록금 분할 납부 신청자 중 총장이 허가한 자(단, 신입생, 편입생, 재입학생, 연구등록생, 시간제등록생, 직전 학기 차수별 지연 납부자 제외)3. 등록방법가.분할 회수 : 4회나. 분할납부 금액 및 등록기간구분분할납부 금액고지서 출력 및 등록기간1회차등록금 실납부액의25%2024.8.19.(월) ~ 8.23.(금)2회차등록금 실납부액의25%2024.9.23.(월) ~ 9.27.(금)3회차등록금 실납부액의25%2024.10.14.(월) ~ 10.18.(금)4회차잔여등록금 전액2024.11.11.(월) ~ 11.15.(금)다. 장학금 고지감면분할납부 신청 시 장학금 총금액을 반영 → 실납부액 기준으로 4회 분할라. 신청방법중앙대포탈(http://mportal.cau.ac.kr)에 접속 후학사마당 > 등록 > 등록금분할납부신청마. 분할 등록금 고지서 출력분할등록기간 중 중앙대포탈(http://mportal.cau.ac.kr)에 접속 후학사마당 > 등록 > 등록금분할납부고지서 출력바. 등록처리 방법1) 1회차 분할등록금을 납부한 학생은 등록을 필한 것으로 간주한다.2) 분할납부 대상자가 1회차 분할등록금을 정해진 기간에 납부하지 아니하면 분납자격이 취소되며, 추가 등록기간 내에 전액을 납부 하여야 한다.3) 당해 학기 총 수업일수의 2분의 1 이상 수업을 받고 시험을 치른 후, 군입대 또는 질병으로 인한 휴학 사유가 발생하여, 시험불응 신고에 의한 학기 이수를 요청하는 자는 잔여 등록금 전액을 7일 이내에 등록하여야 한다. 기한 내 등록을 하지 아니하면 성적을 인정받을 수 없으며 기납부한 등록금은 관련 규정에 따라 반환한다.4) 1회차 이상 분할등록금을 납부하고 분할등록기간에 분할등록금을 납부하지 아니하면 학칙 제26조 2호에 의거 미등록 제적 처리하며 기납부한 분할등록금은 관련 규정에 따라 반환한다. 단, 소속 대학(원)장이 허가한 경우에 한하여 다음 차수 시작 전까지 미납한 분할등록금을 납부할 수 있으나 다음 학기 분할납부 신청은 제한된다.사. 기타 유의사항1) 1회 이상 분할납부한 등록자가 휴학 또는 자퇴할 경우에는 기납부한 분할등록금은관련 규정에 따라 반환한다.2) 휴학 또는 자퇴를 희망하는 시점의 반환 대상 등록금보다 납부해야 할 금액이 많은경우 차액을 납부 하여야 한다.3) 등록금 반환 시 준용하는 규정-「대학 등록금에 관한 규칙」제6조 2항-「학칙」제22조 7항-「학사 운영 규정」제10조 및 제11조-「장학금 지급 규정」제16조(이상)▲ 본교는 등록금 수납 및 한국장학재단 대출진행을 위하여 필요한 최소한의 학생정보를 유관기관(우리은행/한국장학재단)에 제공하였습니다.▲ 관련근거- 개인정보보호법 및 동법 시행령, 시행규칙- 한국장학재단 설립 등에 관한 법률 제36조의 2, 제49조의 5- 취업 후 학자금 상환 특별법 제12조
2024-2학기 학점등록 신청 안내	https://koll.cau.ac.kr/board/u-notice/?vid=13	국어국문학과	2024-08-23	2024-2학기 학점등록 신청 안내1.허가요건1) 총 8학기 이상 이수하였고 수강신청 학점이 10학점 미만인 자2)총7차 학기 이수 후 졸업에 필요한 학점이 10학점 미만으로 부족하고,전체성적 열람용 평균평점 이4.00이상인 자3) 2학년 편입학생은6학기 이상3학년 편입학생은4학기 이상 이수하였고 수강신청 학점이 10학점 미만인 자.2.제한사항1)학점등록 대상자는 봉사활동,산학협동인턴십수업 등으로 학점등록 대체는 허가하지 않는다.2)학점등록 허가자는 휴학을 신청할 수 없다.다만,학칙 제23조②항에 해당하는 경우 학점등록을 취소하며 이미 납부한 등록금은 반환한다.3)학점등록 허가자는 수강신청 정정 및 수강과목 취소를 할 수 없다.4) 2006학년도 이전에 하향 전과(부)한 자는 학점등록을 허가하지 않는다.3. 절차학점등록신청서(첨부파일) 작성 후 제출- 방   문 : 중앙대학교 203관(서라벌홀) 502호 인문대학 교학지원팀- 이메일 : 인문대학 민원메일(cauhuman@cau.ac.kr)4. 기한2024. 8. 19 10:00~※ 고지서에는 익일 반영※ 학점등록 후 수강정정 및 취소가 불가능하니, 수강정정 기간에 수강 정정을 하시고수강 확정하신 후 신청하시기 바랍니다.※ 수강정정 기간 이후 '추가등록기간' 과 '최종등록기간'에 등록금을 납부해주셔도 됩니다.(꼭 7월 내에 재학생 등록기간에 납부하지 않아도 됩니다.)
[유학생 멘토링] 2024-2학년도 유학생 멘토링 멘토 모집 (~9/23)	https://koll.cau.ac.kr/board/u-notice/?vid=14	국어국문학과	2024-08-27	[유학생 멘토링] 2024-2학년도 유학생 멘토링 멘토(mentor)모집안녕하세요,국어국문학과 유학생 조교입니다.2024-2학년도 유학생 멘토링 프로그램의 멘토를 모집합니다.1.멘토 지원 자격-학업성적이 우수한 자(직전 학기 평점 평균3.5이상) (신입생일 경우 본 기준 제외)-현 학기에 듣는전공 과목을 기준으로3지망까지신청 가능※현 학기에 개설된 과목 중 멘토가 듣는 과목이 없을 경우 지난 학기 중 들었던 과목이 있다면 신청 가능-외국인 유학생과 의사소통이 가능한 학생 우대2.멘토 역할-학사 도우미(도서관 등의 학교 시설 이용 안내,전공 수업의 내용 이해,과제 등 수업 관련 정보 안내 등의 지원)-학교 생활 도우미(외부활동 및 학교 생활 안내 등)-한 학기 기준 최소7회 이상 모임 진행(수업 멘토,생활 멘토 등)-학과의 자문을 받아 멘티 대상으로 기본적인 학사정보 안내 및 전공 과목 정보 제공-멘토링 활동 보고서 제출(중간·최종 총2회),관련 간담회 참석3.활동기간 및 세부 내용(1)활동 기간 및 조건-학기별 약16주 동안 수시 활동-7회 이상활동을 해야 함(불충족 시 장학금 미지급)-멘토 활동 시간은 한 학기 당 최소15시간 이상으로 함-보고서에는 해당 날짜에 만난 멘티 명단과 사진이‘필수로’기입되어야 함-활동 중‘중간보고서’제출(베스트 멘토 관련) /활동 종료 후‘최종보고서’제출(장학금 관련)*이번 학기는 전면 대면 수업이므로 멘토링도 대면 진행을 원칙으로 함.다만,수업 관련 활동의 경우 화상채팅이나 카카오톡 메신저 등 온라인 활동 가능.대면 활동을 최소3회 이상 진행해야 함.온라인 활동을 하는 경우 온라인 상으로 활동했던 자료와 캡쳐 화면 등을 보고서에 기입 요망.(2)9월~10월:주1시간 이상+ 1회 이상 활동 권장(멘토-멘티 간 오리엔테이션 및 정보 교환 시간)-멘토-멘티 간 오리엔테이션 및 정보 교환 시간-학사 도우미 외에 다양한 활동 가능(한글 박물관,서울 투어 등 외부 활동)11월~12월:주1~2시간 이상 활동을 통하여 학사 정보 제공·지원 위주로 자유롭게 진행-학사 정보 제공 및 지원,시험 준비 위주로 자유롭게 진행-오프라인 활동1회 권장:학업 관련 활동이 아니어도 무방함(3)간담회: 멘토링 프로그램 시작 시 /멘토링 프로그램 종료 후 '2회'진행 예정*모두‘대면’으로 진행하며 참여 불가시 활동에 어려움이 있음. (추후 변동될 수 있음)4.기타사항(1)공지사항 및 기타 추가 사항들은 메일이나 이후 개설될 카카오톡 단체방에서 이루어질 예정입니다.꼭 수시로 확인해주세요.5.일정(1)서류 접수기간:2024년8월27일(화)~2024년9월 23일(월) 23:59분까지*서류 합격자에 한해 추후 오리엔테이션 공지 예정*(2)오리엔테이션: 203관(서라벌) 513호 9월26일(목)저녁6시30분6.지원방법:(1) 첨부파일을 확인하고 신청 양식에 맞게 작성(2) 작성한 파일을limsojung07@cau.ac.kr로 제출(파일 이름은'학번_이름_2024-2멘토링 멘토 지원서'로 통일해주시기 바랍니다)*양식 꼭 지켜주세요*7.장학 관련(1)멘토 장학금은 대략500,000원 이상으로 예상됩니다(금액은추후 변동 가능성이 있으며 장학금 지급은 멘토링 프로그램활동 조건 충족시 지급됩니다 참여 성실도에 따라 차등 지급 가능합니다)(2) BEST멘토로 선정된 경우 추가 장학금 및 상장이 지급됩니다(3)외국인 유학생 멘토링 프로그램 활동 확인서 발급해드립니다>멘토링 관련 문의사항은 국어국문학과 사무실(203관835호/ 02-820-5084)이나[담당조교 임소중]이메일(limsojung07@cau.ac.kr)로 문의해 주시기 바랍니다많은 배움이 기다리고 있을테니 멘토링 프로그램에 학부생들의 많은 관심과 참여 부탁드립니다감사합니다
[유학생 멘토링] 2024-2학년도 유학생 멘토링 멘티 모집 (~9/23)	https://koll.cau.ac.kr/board/u-notice/?vid=15	국어국문학과	2024-08-27	[유학생 멘토링] 2024-2학년도 유학생 멘토링 멘티(Mentee)모집안녕하세요,국어국문학과 유학생 조교입니다2024-2학년도 유학생 멘토링 프로그램의 멘티를 모집합니다1.멘티 지원 자격-국어국문학과 재학중인 자과생, 복전생 누구나(*선발 인원 변동 가능 및 지원 자격 확인 요망)-멘토링 프로그램 온/오프라인 활동에 '적극적으로' 참여할 학생2.멘토링 내용-멘티는 멘토에게학사 도움(도서관 등의 학교 시설 이용 안내,전공 수업의 내용 이해,과제 등 수업 관련 정보 안내 등의 지원)과학교 생활 도움(외부활동 및 학교 생활 안내 등)과 같은관련 멘토링을 받음-한 학기 기준 최소7회 이상 멘토와의 모임 참석-기본적인 학사정보 안내 및 전공 과목 정보를 받음-멘토링 활동 완료 후 구글폼을 이용한 멘티 대상 만족도 조사에 참여해야 함3.활동기간 및 세부 내용(1)활동 기간 및 조건-학기별 수시 활동 참여(2학기9월 개강~종강까지)-7회 이상활동에 참여를 해야 함-멘토와 함께 하는 활동 시간은 한 학기 당 최소15시간 이상으로 함*이번 학기는 전면 대면 수업이므로 멘토링도 대면 진행을 원칙으로 함.다만,수업 관련 활동의 경우 화상채팅이나 카카오톡 메신저 등 온라인 활동 가능.대면 활동을3회 이상 참석해야 함.(2)9월~10월:주1시간 이상+ 1회 이상 활동 권장(멘토-멘티 간 오리엔테이션 및 정보 교환 시간)-멘토-멘티 간 오리엔테이션 및 정보 교환-학사 도우미 외에 다양한 활동 가능(한글 박물관,서울 투어 등 외부 활동)11월~12월:주1~2시간 이상 활동을 통하여 학사 정보 제공·지원 위주로 자유롭게 진행-학사 정보 제공 및 지원,시험 준비 위주로 자유롭게 진행-오프라인 활동1회 이상 권장:멘티가 원할 경우 학업 관련 활동이 아니어도 무방하니 멘토와의 활발한 의견 교류를 권장4.기타사항(1)공지사항 및 기타 추가 사항들은 이후 선발된 멘토를 통해 전달되거나 이메일을 통해 공지가 나갈 예정입니다(2)성실하고 우수하게 멘토링 활동을 한BEST멘티를 선정하여 소정의 장학금이 지급될 예정입니다5.일정(1)서류 접수기간:2024년8월27일(화)~2024년9월 23일(월) 23:59분까지6.지원방법:(1) 첨부파일을 확인하고 신청 양식에 맞게 내용 작성하기(2) 작성한 파일을 이메일limsojung07@cau.ac.kr로 제출해주시기 바랍니다.(파일 이름은'학번_이름_2024-2멘토링 멘티 지원서'로 통일해주시기 바랍니다.)*양식 꼭 지켜주세요*>멘토링 관련 문의사항은 국어국문학과 사무실(203관835호/ 02-820-5084)이나[담당조교 임소중]이메일(limsojung07@cau.ac.kr)로 문의해 주시기 바랍니다유용한 배움이 기다리고 있을테니 멘토링 프로그램에 유학생 여러분의 많은 관심과 참여 부탁드립니다감사합니다
2025-1학기 학교현장실습 신청 안내 (학부 및 교육대학원)	https://koll.cau.ac.kr/board/u-notice/?vid=16	국어국문학과	2024-09-05	2025-1학기 학교현장실습 신청 안내2025-1학기 학교현장실습을 아래와 같이 신청받고자 하오니 교직이수예정자들은 기간 내에 신청하시기 바랍니다.1. 학교현장실습 : 교원자격증 취득을 위한 필수 교과목으로서 재학 중 4주간 학교 현장에서의 교육실습을 병행하여야 함.2. 신청 대상교원자격증 취득을 희망하는 교직이수예정자 중 2025-1학기에 <학교현장실습> 교과목 이수 예정자가. 교육대학원 : 2025-1학기에 3차 학기 이상 재학생나. 학부 : 2025-1학기에 4학년 이상 재학생3.실습 기간 : 2025년 3월 ~ 6월 중 4주(실습교와 협의하여 결정)4. 실습 신청가. 신청기간 : 2024.9.30.(월) 까지나. 신청밥법 : 학생 본인이 포탈에 로그인하여 온라인 신청다. 실습하가서 제출1) 제출기한 : 2024.12.2(월)까지2) 제출방법 : 우편(원본) 또는 이메일(스캔본) 제출3) 제출처 : 각 소속학과 사무실
[마감] 2024 중앙대학교 취업박람회	https://koll.cau.ac.kr/board/u-notice/?vid=17	국어국문학과	2024-09-05	2024 중앙대학교 취업박람회구분내용비고행사명2024 중앙대학교 취업박람회- 내일을 향한 도전, 내 일(My Job)을 향한 도약일정2024.09.09.(월) ~ 09.11.(수) 10:00~17:009월 9일(월) 10시 개막식- 장소 : 310관 입구장소310관 1층 로비, 대신홀2층 로비, 취업정보세미나실(201호)주요행사1)기업별 채용 상담 부스 운영: 일별 50개부스 운영2)채용설명회: 취업정보세미나실, 대신홀3)부대행사프로그램: 이력서사진촬영,퍼스널컬러, 취업타로, 취업 상담 등
2024학년도 CSE기반 학생성장 모델에 따른 학생성장 진단	https://koll.cau.ac.kr/board/u-notice/?vid=18	국어국문학과	2024-09-05	2024학년도 CSE기반 학생성장 모델에 따른 학생성장 진단학생성장 진단 및 참여 독려 이벤트 안내1. 진단명 : 2024학년도 학생성장 진단2. 대  상  : 2024학년도 학부생 전체3. 진단   참여  기간 : ~2024.12.13.(금)4. 진단   참여  방법 : 레인보우시스템(https://rainbow.cau.ac.kr/)>인증·진단>학생성장진단>학생성장 진단5. 진단 참여 이벤트- 진단 참여 기간 중 성실히 참여한 응답자 중 학부생 600명을 추첨하여 10,000원 상당의 모바일 커피교환권 발송- 추첨일자 : 2024.12.16.(월) ~ 12.17(화)- 당첨자 발표 예정일 : 2024.12.18.(수)6. 기타사항- 참여자 전원 진단 완료 즉시 개별 진단 결과 확인 가능- 이벤트 추첨 학부생 대상 포탈에 등록된 개인 휴대 전화 번호로 모바일 커피 교환권 발송- 2024.03. ~ 12. 중 CSE 기반 학생성장 진단 4종(학습요인진단, 수업 및 캠퍼스 몰입 진단, 학생성장진단, 핵심역량진단)에 모두 참여한 학부생 대상 추첨 이벤트 예정(경품 품목 및 추첨 인원 수 추후 안내)※ 이벤트 당첨자는 데이터기반교육혁신센터 홈페이지 공지 및 개별 안내※ 상기 일정은 내부 사정에 따라 변경될 수 있음
2025학년도 1학기 전공개방 세미나 참석 신청 안내	https://koll.cau.ac.kr/board/u-notice/?vid=19	국어국문학과	2024-09-10	2025학년도 1학기 전공개방 세미나 참석 신청 안내2025학년도 1학기 전공개방모집 입학자들을 대상으로 전공개방세미나를 개최와 관련하여 공지합니다.1. 인문대학 전공개방 신청조건- 대상: 전공개방모집 입학자- 신청조건① 2학기 이상 등록하여 성적 취득② 1학년 1, 2학기를 각각 12학점 이상 이수③ 전공탐색 세미나 필참- 전공개방과 관련하여 자세한 사항은 붙임1 파일 참고2. 전공개방 세미나 신청가. 신청 기한: 2024. 9. 23(월) ~ 10. 31(목)나. 제출 서류: 붙임2 작성 후 온라인 제출다. 제출처: cauhuman@cau.ac.kr라. 기타1) 희망하는 전공의 전공개방세미나에 참석해야 함2) 세미나를 참석하더라도 신청조건에 맞지 않을 경우 전공개방 조건 미충족3) 전공개방 세미나는 학과별로 개최될 예정이며, 신청한 학생들에게 개별 연락 예정4) 전공개방 신청의 정확한 일정은 추후 공지 예정자세한 내용은 인문대 홈페이지를 참고하시기 바랍니다.중앙대학교_인문대학 (cau.ac.kr)
2024학년도 중앙사랑A 장학 계획 심사 결과 발표 및 서류 제출 안내	https://koll.cau.ac.kr/board/u-notice/?vid=20	국어국문학과	2024-09-19	2024학년도 중앙사랑 A 장학 계획 심사 결과 발표 및 서류 제출 안내안녕하세요.2024학년도 중앙사랑 A 장학 심사 결과 발표 및 서류 제출 안내드립니다.심사 결과는 다음과 같으며, 1등을 한 팀에게는 추가 지원이 있을 예정입니다.팀 명 (학회명 및 소모임명)팀장비고배*윤1위허*솔필박*하현대문학회 '담'정*근조*민이*시이*현이*진*장학금은 일괄적으로 지급됩니다.*중복 참여의 경우, 장학금이 1회만 지급됩니다.*팀 명이 있으신 경우 학과 메일(caukorean@cau.ac.kr)로 보내주시면 됩니다.각 팀장은 아래의 내용을 확인하여10월 4일 (금)까지 취합한 필요 서류를 학과로 제출 부탁드립니다.1. 포탈에 장학금 계좌 입력포탈에 장학금 계좌가 입력되어 있어야 장학금 지급이 가능합니다.신청자 전원은 포탈에 본인의 장학금 계좌가 입력되어 있는지 확인 부탁드립니다.2. 본인 명의의 통장 사본신청자 전원은 본인 명의의 통장 사본을 제출해야 장학금 지급이 가능합니다.포탈에 입력하신 장학금 계좌와 동일한 통장 사본으로 제출해주셔야 합니다.3. 중앙사랑A 장학생 서약서 제출중앙사랑A 장학생 서약서는 팀원 전원이 제출해야 하며, 직접 서명한 뒤 원본을 학과사무실로 제출부탁드립니다.직접 서명한 스캔본을 학과 메일로 제출하셔도 괜찮습니다.메일로 제출할 경우, 파일명은 '중앙사랑A_장학생_서약서_홍길동_20XXXXXX'으로 이름과 학번을 포함하여 제출 부탁드립니다.서약서에는 서명이 필수로 포함되어야 합니다.* 기존 서약서에서 2024학년도로 내용이 수정되었습니다.장학계획서에 따른 결과물은 국문제 행사 일정에 따라 문집에 들어갈 자료 및 발표용 자료를 준비해 주시면 됩니다.감사합니다.기타 문의 사항은 국어국문학과 사무실로 연락바랍니다.학부메일 : caukorean@cau.ac.kr전화번호 : 02) 820-5084203관(서라벌홀) 835호
2025학년도 주전공 교직과정 이수예정자 신청 안내	https://koll.cau.ac.kr/board/u-notice/?vid=21	국어국문학과	2024-09-20	주전공 교직과정 이수예정자 신청 안내1.선발대상가.교직과정이 설치된 학과(부)의4차 학기(2학년2학기)재학생중 교직과정 이수를 희망하는 학생나.선발시기에 휴학으로 인하여 현재5차 학기인 학생은 신청 가능2.자격제한가.교직과정이 설치되지 않은 학과에 재학 중인 학생(※다음페이지<교직과정 설치학과>참조)나.기존에 교직과정 이수신청서를 제출한 이력이 있는 자다. 3학년 편입생라.휴학생3.신청기간:2024년9월24일(화) ~ 10월7일(월)※기간엄수4.신청방법:소속 학과 사무실에<교직과정 이수신청서>(별지서식)를 제출▷방문,또는 스캔본 이메일 신청 가능(단,이메일 신청 시 반드시 학과로 이메일 수신 여부 확인 요망)5.선발인원:학과별 교직 승인인원 이내에서 선발6.선발방법:교직과정 이수신청서를 제출한 자(선발 대상기준에 해당하는 자)중학업성적및면접 심사(교직 적성 및 인성 요소 고려)를 통하여 학과별 선발가능 인원 내에서 선발7.동점자 처리 기준(다음 각 항의 순서에 의함)①면접심사 점수가 높은 자를 우선 선발②취득학점 수가 많은 자를 우선 선발③학과별 선발지침에 따름(학과 주관사항)8.선발 제한 기준면접 심사에서 교직 적성 및 인성 요소에서 부적격 판정되는 경우 교직 선발 정원에 미달되더라도 선발하지 않음9.기타 안내사항▷사범대학 학생은 주전공 교직이수 신청을 하지 않음(단,사범대학 및 일반대학 주전공 교직 선발자가 복수전공 학과에서교직이수를 희망하는 경우“복수전공 교직과정 이수 신청”을 별도 실시함.복수전공 학과에 대한 교직 신청 시기는 금년도 주전공 교직과정 이수예정자 선발 발표 이후인12월 중순으로 예정되어 있으며,추후 중앙대학교 및 교직팀 홈페이지를 참조)모집단위교육부 승인인원(선발가능 인원)자격관련대학학과(학부, 전공)자격종별표시과목인문대학국어국문학과3국어
2024학년도 CAU 세미나(2) 필수 과제 안내	https://koll.cau.ac.kr/board/u-notice/?vid=22	국어국문학과	2024-09-20	2024학년도 CAU 세미나(2) 필수 과제 안내​CAU세미나(1), CAU세미나(2)는 졸업에 필수과목으로 합산 1학점을 취득하셔야 합니다.아래 안내문과 붙임 매뉴얼을 참고하여 2024-2학기 CAU세미나(2)를 이수하여 주시기 바랍니다.◉CAU세미나 운영 및 과제 안내구분CAU세미나(2)학점0.5학점필수과제지도교수 상담1회 이상(Rainbow System상담예약 가능)Rainbow System에서 신청이 불가한 경우 각 학과(부)사무실을 통해 문의선택과제교수 개인 과제(우선),교수 개인 과제가 없을 경우2), 3)중 선택1)교수 개인 과제2)자기소개서 작성(Rainbow System연동 과제)[Rainbow System접속–My page -포트폴리오–나의 자기소개서작성–CAU세미나 제출]3)학업 계획 수립(CAUe-Advisor연동 과제)[CAU e-Advisor접속] - [Planning] - [학업 계획 수립] -[교과/비교과 활동 등 계획 수립]평가기준필수과제+선택과제(3개)중 택1 = PASS과제 마감선택과제(레인보우연동)2024. 12. 20.(금) 18시까지담당교원 개별과제담당교원 마감일 지정필수과제(상담입력마감기준)2024. 12. 20.(금) 23시까지->교수님의 마감 기한이 있을 경우교수님의 일정에 따라 주세요◉문의처-지도교수 상담일정 등 문의:담당교원 또는 소속 학과(부)사무실- CAU세미나 이수 관련 문의:소속 단과대학 교학지원팀-Rainbow System관련 문의:교육혁신원 교육혁신팀 또는 학사팀2024.9.11.중앙대학교 교무처​자세한 내용은 첨부된 파일을 확인해주시기 바랍니다.
캠퍼스 면학 분위기 조성을 위한 협조 요청	https://koll.cau.ac.kr/board/u-notice/?vid=23	국어국문학과	2024-09-20	캠퍼스 면학 분위기 조성을 위한 협조 요청캠퍼스 면학 분위기 조성을 위해 다음과 같이 협조요청하오니 적극 동참하여 주시기 바랍니다.가. 협조 요청사항1) 음식 배달 주문 자제- 오토바이 운전자의 인도주행, 과속 등으로 인한 구성원 안전사고 발생 예방- 배달 오토바이로 인하여 유발되는 소음을 방지하여 면학분위기 조성2) 폐기물 저감 활동 적극 동참- 사무실 내 일회용품 사용은 줄이고 텀블러 등 다회용기 사용- 부득이 발생하는 폐기물은 반드시 분리배출3) 금연구역 준수- 지정된 흡연구역 외 흡연 금지※ 강의실, 연구실, 실험실, 옥상 등 건물 내부 절대 금연- 2학기 개강 이후 실내 흡연으로 인한 민원이 다수 발생하고 있으며, 화재 예방을 위해흡연구역 절대준수 필요- 「국민건강증진법」 제34조에 따라 금연구역에서의  흡연 적발 시  과태료 10만원이부과될 수 있음.
2024학년도 2학기 수강과목 취소 및 수강신청 내역 확인 안내	https://koll.cau.ac.kr/board/u-notice/?vid=25	국어국문학과	2024-09-24	2024학년도 2학기 수강과목 취소 및 수강신청 내역 확인 안내2024학년도 2학기 수강과목 취소 및 수강신청 내역 확인 안내드립니다.1. 수강과목 취소 기간 : 2024. 9. 23. (월) 10:00 ~ 9. 29. (일) 24:002. 수강과목 취소 후 최소 학점 : 0.5학점3. 취소 절차 및 수강내역 확인 방법 : (붙임)자료 확인자세한 내용은 (붙임) 자료를 확인해주시기 바랍니다.
(행사) 모두가 행복한 드림콘서트 더 힐링(문화체험형 장애인식개선교육)	https://koll.cau.ac.kr/board/u-notice/?vid=26	국어국문학과	2024-09-25	모두가 행복한 드림콘서트 더 힐링1. 행사명 : 모두가 행복한 드림콘서트 더 힐링(문화체험형 장애인식개선교육)2. 일시 : 2024.09.30.(월) 14:00~15:00, 1시간3. 장소 : 서울캠퍼스 310관 1층 대신홀4. 대상 : 중앙대학교 전체 구성원5. 프로그램 일정시간(장소)제목내용 및 방법기타14:00~15:00(310관 1층대신홀)장애인식개선공연*문화체험형 교육(공연포함)시간 : 총 60분- 강의(전문강사교육) 30분- 장애인식개선 캠페인: 3분- 문화체험형 공연: 27분* 공연장르 : K-POP, 클래식연주, 휠체어댄스, 창작무용, 국악등*출연진배은주(직장 내 장애인식개선 전문강사, 가수/지체장애)김남제(휠체어무용가/지체장애)손범우(성악가/지체장애)심현우(뮤지컬배우/안면장애)신재혁(보컬 및 기타/시각장애)이지원(국악/지적장애)무료 공연(한국장애인고용공단 후원)6. 비고1) 본 프로그램은참여자에 대하여 장애인복지법 상<사회적장애인식개선교육(1시간, 학생)> 또는장애인고용촉진 및직업재활법 상<직장내 장애인 인식개선교육(1시간, 교직원)>인정2) 참석자 전원에게 '한복입은 푸앙이 키링' 증정(100명 한정)3) 청각장애인을 위한 실시간 속기 제공4)사전신청링크 :https://forms.gle/BUsiwjDpBcGnzTWG77. 주최 : 학생처 장애학생지원센터주관 : 학생처 장애학생지원센터, (사)한국장애인문화예술단체 총 연홥회후원 : 고용노동부 장애인고용공단
[시월시담] 재난과 애도의 문학	https://koll.cau.ac.kr/board/u-notice/?vid=27	국어국문학과	2024-10-14	[시월시담] 재난과 애도의 문학
[한누리 장학금] (-11.08.금 24:00까지)제 5회 한누리 장학금 추천 모집 안내 (기간연장)	https://koll.cau.ac.kr/board/u-notice/?vid=28	국어국문학과	2024-10-15	<제 5회 한누리 장학금 추천 모집 안내>국어국문학과에서는 사회적 약자를 위해 지원 및 봉사활동을 하거나 노력한 학생을 대상으로 아래와 같이 장학기금 장학생을 선발할 예정입니다.1. 지원내용 및 선발인원가. 지원내용- 학생의 기여에 따라 차등 지원 (증서 환불 방식)지원금액선발인원2,000,000원(이백만 원)1명1,000,000원(일백만 원)2명나. 선발인원 : 총 3명2. 장학금 신청 자격가. 중앙대학교 국어국문학과에 재학 중인 자 (24년 11월 기준)나. 타 장학금과 중복 수여 및 등록금 외 수여 가능3. 추천서 접수 기간 및 방법가. 접수 기간 : 24.10.16.(수) -24.11.08.(금) 24:00까지나. 접수 방법 : 학부 메일(caukorean.cau.ac.kr)로 추천서 제출다. 제출 서류- 추천서 : 추천 대상 및 사유 간단히 기재자타 추천 가능(첨부 양식 참고)- 추천 마감 이후 선정자에 한하여 서류 제출, 개별 연락 예정라. 유의 사항-해당하는 자가 없을 경우 수상자가 없을 수 있음.- 휴학 중인 자 또는 재학 중 퇴학 및 정학 등 징계처분을 받은 자는 수여 불가
[News] 국어국문학과 동문 이희주 소설가, 영미권 대형 출판사와 '파격 조건' 판권 계약	https://koll.cau.ac.kr/board/u-notice/?vid=29	국어국문학과	2024-10-24	[News] 국어국문학과 동문 이희주 소설가, 영미권 대형 출판사와 '파격 조건' 판권 계약우리 대학 국어국문학과 11학번 동문인 이희주 소설가가 영미권 대형 출판사와 파격적인 조건으로 판권 계약을 맺어 언론으로부터 집중 조망을 받았다.최근 이희주 작가의 두 번째 장편소설 <성소년>이 미국의 대형 출판사인 하퍼콜린스, 영국의 대형 출판사인 팬 맥밀런으로부터 각각 1억원대의 선인세를 받는 판권 계약이 체결됐다.영미권 대형 출판사들이 차세대로 분류되는 젊은 소설가에게 큰 금액의 선인세를 제안하는 것은 매우 이례적인 일이다.<성소년>의 출판사인 문학동네 관계자는 “이탈리아, 독일, 러시아 등 유럽국가에서 많은 관심이 이어지고 있다”며, “팬 맥밀런은 이 작가의 차기작인 <성소녀>의 검토 우선권을 요청하는 등 강한 기대감을 드러내기도 했다”고 전했다.이 작가는 우리 대학 국어국문학과 재학 중인 2016년 장편소설 <환상통>으로 문학동네 대학소설상을 받으며 등단했다. 아이돌 팬덤을 소재로 누군가를 사랑하는 방식과 태도를 내밀하고 섬세하게 다룬 <환상통>에 이어 지독한 사랑 이야기를 독보적인 색깔과 유려한 문체로 그려낸 <성소년>과 <나의 천사>를 연이어 발표했다.내년에 <성소년>과 세계관을 공유하는 장편 <성소녀>를 출간할 예정인 이 작가는 최근 ‘나를 열어놓는 상호성’에 대해 사유하고 있다고 한다.국어국문학과 관계자는 “보여준 것보다 앞으로 더 보여줄 것이 훨씬 많은 이희주 작가의 빛나는 미래를 기쁜 마음으로 응원한다”고 전했다.(출처 :https://news.cau.ac.kr/cms/FR_CON/BoardView.do?SITE_NO=5&BBS_SEQ=8322&BOARD_SEQ=1&MENU_ID=10)
2024학년도 하반기(2025년 2월 졸업) 졸업논문 제출 안내(~24.12.24 16:00)	https://koll.cau.ac.kr/board/u-notice/?vid=31	국어국문학과	2024-10-30	2024학년도 하반기(2025년 2월 졸업) 졸업논문 제출 안내1. 제출기한2024년 12월 24일 (화) 16:00까지2. 제출 방법가.포스트잇에 이름, 학번, 학과(복수전공자만 해당) 작성 후 부착하여 제출.나.졸업(수료) 예정 신고서와 함께 제출 (유예, 수료, 졸업불가(재학))졸업사정에 반드시 필요한 서류로 졸업논문과 함께 제출해야 함.3. 제출 장소가. 현장 제출 :  203관(서라벌홀) 835호, 국어국문학과 사무실나. 우편제출- 주소 : (06975) 서울특별시 동작구 흑석로 84 중앙대학교 203관(서라벌홀) 835호 국어국문학과 사무실- 이름, 학번 기재4. 유의 사항가. 제출 시 첨부된 졸업논문 양식에 있는 네 장의 표지를 추가.(지도교수 확인 서명 필수)나. 지도교수는 중앙대학교 국어국문학과 전임교수에 한정. (학과 홈페이지 > 학과소개 > 교수진)다. 논문은 스프링 제본본만 제출 가능 (스테이플러, L자 파일 등 금지)라.반드시 기간 내에 학과사무실로 제출해야 함.5. 졸업(수료) 예정 신고서 작성 예시 (참고용)​문의사항은국어국문학과 사무실로 부탁드립니다.T. 02) 820-5084E-mail​. caukorean@cau.ac.kr (국어국문학과 학부)
2025학년도 1학기 복수, 연계, 융합. 자기설계, 부전공 신청 안내	https://koll.cau.ac.kr/board/u-notice/?vid=32	국어국문학과	2024-10-31	공통신청기간 및 자격기준가.신청기간: 2024.11.18.(월) 10시~ 2024.11.29.(금) 18시나.신청자격:신입학자는2학기 이상,편입학자는1학기 이상 이수하고 평균 평점이2.00이상인자.단,차세대반도체학과 신청자는 평균평점3.0이상인 자※졸업예정학기 신청 불가,부전공 신청은 평균평점 제한 없음다.선정기준:대학의 강의시설 및 기자재 현황,교·강사 수급 사정 등을 고려하여 허가 인원 결정라.신청방법:중앙대 포탈에서 직접 신청(중앙대 포탈→학사마당→전공신청)마.합격자 공고1)발표일:2025. 1. 21.(화) 14시2)확인방법:중앙대 포탈에서 직접 확인▷중앙대 포탈→내 정보수정(Logout옆 본인 이름 클릭 시)→“다전공 현황”에서 확인▷보여지는 전공이 합격된 다전공이며,불합격된 다전공은 내역이 보이지 않음바.기타1)2009학년도 이후 입학생:전공심화과정 또는 복수․연계․융합․자기설계전공 중 하나 이상 의무이수(부전공 미포함)2) 2002학년도 이후~2008학년도 입학생:전공심화과정 또는 부․복수․연계․융합․자기설계전공 중하나 이상 의무이수(부전공 포함)1복수전공(동일모집단위 학부 내에서의 타 전공에 대한 복수전공도 반드시 신청하여야 함)가.대상학과(부)1)의과대학,약학대학,적십자간호대학,건축학부[건축학전공(5년제)],경영학부[글로벌 금융전공],지식경영학부를 제외한 학과로 신청 가능2)캠퍼스 간 또는 동일캠퍼스 내에 복수전공 희망학과(부)와 동일․유사학과(부)가 있는 경우에는허가하지 않음가)동일학과:학문단위 구조조정으로 통폐합된 구 학문단위와 신 학문단위(예:사회과학대학상경학부와 경영경제대학 경영학부,사회과학대학 경제학과와 경영경제대학 경제학부 등)나)캠퍼스간 유사학과서울다빈치사범대학 체육교육과체육대학 스포츠과학부공과대학 화학신소재공학부공과대학 첨단소재공학과창의ICT공과대학융합공학부 나노바이오소재공학전공공과대학 첨단소재공학과창의ICT공과대학융합공학부 바이오메디컬공학전공공과대학 첨단소재공학과나.대학별 복수전공 이수기준-학과(부)별 전공기초 이수기준 반드시 확인(해당 학과 사무실에 문의)-복수전공의 이수학점은 허가 학년도 이수기준에 따름대학전공이수학점대학전공이수학점대학전공이수학점인문대학45학점창의ICT공과대학45학점소프트웨어대학45학점사회과학대학45학점경영경제대학45학점예술공학대학45학점사범대학50학점생명공학대학45학점가상융합대학45학점자연과학대학45학점예술대학54학점공과대학45학점체육대학54학점2연계전공,융합전공(https://www.cau.ac.kr/cms/FR_CON/index.do?MENU_ID=130&P_TAB_NO=3&TAB_NO=3#;)참조가.연계전공연계전공명주관학과(부)참여 학과최소 이수학점공기업관리공공인재학부사회과학대학 공공인재학부,경영경제대학 경영학부,경제학부36공공규범공공인재학부사회과학대학 공공인재학부,사회학과,심리학과,인문대학 철학과,교양대학36유통관리경제학부경영경제대학 경영학부,경제학부,국제물류학과,사회과학대학 도시계획부동산학과,심리학과,생명공학대학 식품공학부 식품영양전공,예술대학 디자인학부 패션디자인전공,교양대학36외식산업경영식품영양전공생명공학대학 식품공학부 식품영양전공,경영경제대학 경영학부,경제학부,예술대학 디자인학부 실내환경디자인전공,교양대학36공공관리공공인재학부사회과학대학 공공인재학부,정치국제학과,심리학과,사회학과,사회복지학부,사범대학 교육학과,경영경제대학 경영학부,경제학부,응용통계학과36반도체제조공학기계공학부기계공학부,전자전기공학부,차세대반도체학과42글로벌 한국학국제처사회과학대학 공공인재학부,사회복지학부,미디어커뮤니케이션학부,경영경제대학 국제물류학과,사범대학 교육학과,공과대학 건축학부 건축학전공,교양대학국제대학원 국제학과36※글로벌 한국학연계전공은 영어트랙으로 입학한 외국인 유학생만 신청 가능나.융합전공융합전공명주관학과(부)참여 학과최소 이수학점금융AI경영학부경영경제대학 경영학부,경제학부,응용통계학과,자연과학대학 수학과,소프트웨어대학 프트웨어학부45문화콘텐츠영어영문학과인문대학 국어국문학과,영어영문학과,프랑스어문학전공,일본어문학전공,철학과,역사학과,사회과학대학 심리학과,교양대학,일반대학원 국어국문학과,첨단영상대학원36창업학경제학부경영경제대학 경영학부,경제학부,광고홍보학과,창의ICT공과대학 융합공학부,나노바이오소재공학전공,바이오메디컬공학전공,전자전기공학부,소프트웨어대학 소프트웨어학부,예술대학 실내환경디자인전공,교양대학36게임·인터렉티브미디어실감미디어학과가상융합대학 실감미디어학과,경영경제대학 경영학부,테크놀로지아트융합전공,교양대학,36소프트웨어·인문인문대학인문대학,경영경제대학 산업보안학과,창의ICT공과대학 융합공학부,소프트웨어대학 소프트웨어학부36사이버보안산업보안학과경영경제대학 산업보안학과,창의ICT공과대학 융합공학부,소프트웨어대학 소프트웨어학부36테크놀로지아트소프트웨어대학경영경제대학 산업보안학과,창의ICT공과대학 융합공학부,소프트웨어대학 소프트웨어학부36소프트웨어벤처경영학부경영경제대학 경영학부,산업보안학과,창의ICT공과대학 융합공학부,소프트웨어대학 소프트웨어학부36문화다양성유럽문화학부인문대학 국어국문학과,아시아문화학부,유럽문화학부,사회과학대학 사회복지학부,교양대학36한류문화국어국문학과인문대학 국어국문학과,아시아문화학부,철학과,역사학과,사회과학대학 심리학과,미디어커뮤니케이션학부,사회학과,경영경제대학 경영학부,광고홍보학과,교양대학36인공지능인문국어국문학과인문대학 국어국문학과,철학과,사회과학대학 사회복지학부,소프트웨어대학AI학과,교양대학36데이터프라이버시산업보안학과경영경제대학 산업보안학과,소프트웨어대학 소프트웨어학부,교양대학36※게임·인터렉티브미디어 융합전공:포탈 신청 후 첨부된 자기소개서 작성하여 지정메일로 제출(지정메일:cau.megaschool@gmail.com/제출마감일: 12월13일(금)까지)3자기설계전공(https://www.cau.ac.kr/cms/FR_CON/index.do?MENU_ID=130&P_TAB_NO=3&TAB_NO=4)참조가.교과과정 편성 원칙:전공기초는 별도 지정하지 않음1)교과과정표 상의 편성 학점 수는54학점 이상78학점 이내로 편성하는 것을 원칙으로 함(주전공과목과의 교차인정 최대6학점.단,교차인정 학점은 졸업 이수학점을 이중으로 인정하는 것은 아님)2)교양영역의 교과목 편성 가능(단,공통교양 제외)3)실험․실습.실기 교과목 편성은 배제4)최소3개 전공 이상(주전공 포함)의 교과목으로 편성5)서울,다빈치캠퍼스 공동과정으로 개발할 수 있음6)신청자는 자기설계전공 관련 지도 교수의 자문을 받아 교과과정을 편성하여 신청★학위명 주의 사항-“법학사”사용 불가(근거:법학전문대학원 설치 운영에 관한 법률)-참고자료 중앙대학교 학칙(별표4)학사학위과정 학위명나.신청 방법(자기설계전공 신청Process)1)포탈 신청에 앞서 설계전공 편성을 도와주실 지도교수님을 찾아 자문을 구함(※지도교수는 소속 학과 지도교수일 필요는 없으나,설계전공과 관련 있는 교수님이어야 함)2)포탈에서 설계전공 신청 및 교과과정 작성(붙임의 포탈 입력 매뉴얼 참조 요망)3)포탈에서 승인 결과 확인※상기 절차에 따라중앙대 포탈에서 직접 신청(중앙대 포탈→학사마당→전공신청→자기설계전공 신청)4부전공가.선발방법 및 졸업요건구분2009학년도 이후 입학생2008학년도 이전 입학생선발방법교육여건을 감안하여 학과(부)별심사기준에 따라 허가교육여건을 감안하여 학과(부)별심사기준에 따라 허가졸업요건전공심화과정 또는 복수․연계․융합․자기설계전공 중 하나이상 의무이수전공심화과정 또는 부․복수․연계․융합․자기설계전공 중 하나이상 의무이수의무이수 요건에서 부전공 제외의무이수 요건에서 부전공 포함나.대상학과(부)1)의과대학,약학대학,적십자간호대학,건축학부[건축학전공(5년제)],경영학부[글로벌금융 전공],지식경영학부를 제외한 학과로 신청 가능2)캠퍼스 간 또는 동일캠퍼스 내에 아래와 같이 부전공 희망학과(부)와 동일․유사학과(부)가 있는경우에 허가하지 않음.가)동일학과:학문단위 구조조정으로 통폐합된 구 학문단위와 신 학문단위(예:사회과학대학상경학부와 경영경제대학 경영학부,사회과학대학 경제학과와 경영경제대학 경제학부 등)나)유사학과서울안성사범대학 체육교육과체육대학 스포츠과학부공과대학 화학신소재공학부공과대학 첨단소재공학과창의ICT공과대학융합공학부 나노바이오소재공학전공공과대학 첨단소재공학과창의ICT공과대학융합공학부 바이오메디컬공학전공공과대학 첨단소재공학과다.부전공관련 세부사항은 수강 및 학사안내 참고2024. 10. 30.교 무 처 장
2025년 2월 졸업 관련 안내	https://koll.cau.ac.kr/board/u-notice/?vid=34	국어국문학과	2024-11-18	2025년2월 졸업 관련 안내1.졸업(수료)예정 신고서 제출: 2024. 12. 20(금)1)제출장소:학과(부)사무실(이메일 제출 가능,반드시 본인 서명 포함)2)제출대상: 2025년2월 졸업대상자(조기졸업 신청자,학적변동자(유예→졸업 등)포함)﻿* 2025년2월 졸업(수료)대상자는 졸업예정신고서 작성 및 제출을 통해 본인의 졸업 가능 여부를 반드시자가진단 해보시기 바랍니다.자가진단 후 문의사항은 소속 학과 및 전공 사무실로 문의하시기 바랍니다.*졸업예정신고서는2025학년도 동계 계절학기 이수(계절학기 수강 과목,사회봉사학점 등 포함)예정인 학점을모두 포함하여 작성하시기 바라며,별도 표기 해주시기 바랍니다.*조기졸업을 희망하는 학생은 졸업(수료)졸업예정신고서에‘조기졸업’으로 체크하신 후 반드시 서류를 제출하셔야조기졸업 신청이 됩니다. (조기졸업은 유예,수료 불가)2.졸업관련 서류 제출구분제출서류(시험)제출기한제출처졸업인정제신고서,어학(영어)성적표2024. 12. 20(금)까지온라인 제출(cauhuman@cau.ac.kr)또는오프라인 제출(각 학과(부)사무실 및인문대학 교학지원팀)신고서,한자 성적표신고서,토픽 성적표(외국인에 한함)공통교양영어면제공통교양(영어)면제신고서,어학(영어)성적표다전공 취소복수,부,융합,연계,학생설계취소신청서이수구분 변경이수구분 변경 신청서※신고서 및 신청서 양식:인문대학 홈페이지-서식자료실※다전공 취소를 하더라도 다전공의 이수구분이 자동으로 변경되지 않으니 사전에 반드시 확인(취소하려는 전공 내 이수한 과목이 있는 경우 이수구분변경 필수)※최소 동계방학 시작 전까지 다전공 취소 및 이수구분 변경하시어 본인의 다전공 및 학점 이수구분을 올바르게 정리할 것3.졸업논문 제출: ~학과(부)별 마감-제출 장소:학과(부)사무실-논문 제출 기간:학과(부)별 별도 공지*졸업시험을 진행하는 학과(부)는 학과(부)별 운영4.졸업사정결과 공개 및 졸업사정결과 이의신청기간 운영: 2025년2월 첫째 주 예정-상세 졸업사정결과 발표일 및 이의신청기간은 인문대학 홈페이지(human.cau.ac.kr)공지사항에 12월 말 안내 예정5.졸업 관련 유의사항* 휴학 중인 자는 모든 졸업요건을 갖추어도 졸업대상에서 제외* 포탈의 졸업예정신고 메뉴는 현재 사용중인 메뉴가 아닙니다.학과 사무실에 졸업(수료)예정신고서를 제출해주시기 바랍니다.* 졸업(수료)예정신고서는 일종의‘의견서’이므로 학생이 작성한 희망값으로 최종 확정되는 것이 아닙니다.ex.졸업을 희망하더라도 수업요건을 못갖추면‘졸업불가’,졸업요건을 못갖추면‘수료’* 졸업(수료)예정신고서에‘유예’로 작성하더라도 최종 졸업사정 결과값이‘졸업가능’이며,기한 내 포탈에 신청을해주셔야 최종적으로 확정이 됩니다.* 수료 및 유예 관련 유의사항은‘인문대학 홈페이지-공지사항’을 확인해주시기 바랍니다.* 학번별 교양과정 최대이수기준에 따라 초과 이수한 교양학점은 졸업 사정 시 졸업 학점에서 감산되므로유념하시기바랍니다.* 핵심교양영역별 이수는(2015학번부터)필수사항으로 반드시 확인하시기 바랍니다.* 어학성적 등으로 공통교양영어과목을 면제 받은 자는 반드시 다른 과목으로 해당 학점을 이수할 것(※이수 면제된 과목은 취득학점으로 인정하지 않음)* 졸업사정 중 본인과 통화가 가능한 연락처로 수정하여 주시기 바라며, ‘02-820-0000’연락처는 학교 전화번호이니모르는 번호라도 반드시 받아주시기 바랍니다.(※포탈→개인마당→개인정보→휴대전화번호 수정)문의사항은 국어국문학과 사무실로 하시기 바랍니다.T. 02) 820-5084**문의 가능시간 : 평일 9:00 - 18:00 (주말, 공휴일 제외)Email. caukorean@cau.ac.kr**그 외의 시간에는 이메일로 문의하시 바랍니다.
2025-1학기 전공개방 입학생 희망학과(부)전공 신청 안내	https://koll.cau.ac.kr/board/u-notice/?vid=35	국어국문학과	2024-11-19	2025-1학기 전공개방모집 입학생 희망학과(부)·전공 신청 안내2025-1학기 전공개방모집 입학생의 희망학과(부)전공 신청에 대하여 아래와 같이 공지합니다.1.신청기간:2024. 12. 2. (월)오전10시~ 2024. 12. 6. (금)오후6시2.신청대상2020 ~ 2024학년도 전공개방모집 입학생 중2024-2학기 현재2차 학기 재학 중인 자로 단 과대학 내 전공변경을 희망하는 자※전공변경 미신청 시1학년 진입전공으로 전공확정 됨3.신청방법중앙대 포탈(http://mportal.cau.ac.kr)에 로그인→학사마당→전공신청→희망학과(부)/전공 신청(자세한 내용은 첨부된 매뉴얼을 필독할 것)4.최종 입력 및 수정최종 입력 및 수정 기간:2025. 1. 6.(월)오후3시~오후9시※2024-2학기 보관 성적이 반영된 신청자 순위 확인 후 수정 가능.단,최종 입력 마감1시간 전인 오후8시부터는희망 학과 내 성적 순위를 조회할 수 없으며,마감 후에는 입력 내용을 변경할 수 없음.5.배정 확인 방법2025. 1. 9.(목)오후2시 이후중앙대 포탈(http://mportal.cau.ac.kr)에 로그인→우측 상단에 본인이름 클릭(ex)김중앙님)→내 정보 수정→상단의 본인 소속에서 확인2024. 11.교 무 처 장
2024학년도 2학기 강의평가 실시 안내	https://koll.cau.ac.kr/board/u-notice/?vid=36	국어국문학과	2024-11-27	2024학년도 2학기 강의평가 실시 안내2024학년도 2학기 강의평가를 아래와 같이 실시합니다.1. 2024학년도 2학기 강의평가 실시 개요구분내용비고평가 기간2024. 12. 2.(월) 10:00 - 2024. 12. 30. (월) 24:00평가 대상2024학년도 2학기에 개설된 모든 교과목평가 방법중앙대학교 포탈(https://mportal.cau.ac.kr) 로그인→ 강의마당→ 강의평가 메뉴 접속 후 실수2. 유의 사항1)수강 과목 전체를 평가하여야 성적조회 기간에 성적을 조회할 수 있음2) 강의평가 기간에만 강의 평가 내용을 수정할 수 있음3) 강의평가 주관식 문항(담당 교수에게 전달되는 의견)은 자율 응답사항임※ 담당 교수에 대한 인권침해와 명예훼손의 가능성이 있는 내용 기재 엄금3. 참고 사항1) 강의평가는 익명으로 진행되며, 평가자에 대한 정보는 일절 공개하지 않음※ 성적처리 일정- 성적조회 : 2024. 12 .31. (화) 10:00 - 2025. 1 . 5.(일) 24:00- 성적이의신청 : 2024. 12. 31. (화) 10:00 - 2025. 1. 4. (토) 24:00- 성적정정 : 2025. 1. 1. (수) 10:00 - 2025. 1. 5. (일) 24:00파일 1. 2024학년도 2학기 강의평가 시행 안내문 자료2. 2024학년도 2학기 강의평가 문항 안내 자료
2024학년도 "전공탐색 박람회"	https://koll.cau.ac.kr/board/u-notice/?vid=37	국어국문학과	2024-12-03	. 행사 개요구분세부 내용행사명i-Creator 디자인페어(전공탐색 박람회)행사일시2024. 12. 4.(수) 10시~17시행사내용- 전공자율선택제도 홍보 및전공 포스터 전시- 전공설계 체험 수기 전시- 전공개방모집 단과대학 부스 운영행사장소310관 1층 로비
2025학년도 1학기 재입학/복학/휴학 신청 안내	https://koll.cau.ac.kr/board/u-notice/?vid=38	국어국문학과	2024-12-06	2025학년도1학기재입학·복학·휴학 신청 안내학칙 및 학사일정에 의거하여,중앙대학교2025학년도1학기 재입학·복학·휴학 신청 일정을 아래와 같이 공고합니다.1재입학 일정가.신청기간2025. 1. 6.(월) ~ 2025. 1. 10.(금)매일오전9시~오후4시나.신청방법(홈페이지 양식 다운로드 후 작성 또는 학과 비치용 작성)재입학 원서 작성→방문접수 또는 메일접수(해당 대학 담당자 확인 후 접수)※학사경고제적자 및 징계경력이 있는 자의 재입학:학과장 면담 필수(사전에 면담일정 및 상담방법(방문면담, ZOOM면담,또는 전화 면담 등)조율 후 방문다.신청 요건-학사경고제적 및 자퇴자:제적 후1년이 경과 된 자단,미등록 제적자,미복학 제적자는1학기 이후 신청 가능-학사경고 제적자는1년 이상 경과 후1회에 한하여 재입학 신청 가능라.재입학 여부 확인:2025. 1. 24.(금)소속 단과대학 교학지원팀 개별 안내마.유의사항-퇴학자,재입학 심의를 통과하지 못한 자,재학연한이 초과된 자는 재입학을       허가하지 않는다.-재입학의 요건은 갖추었으나 여석이 없을 경우 재입학을 허가하지 않는다.2복학 일정가.신청기간: 2025.1.23.(목)오전10시~ 2025.1.31.(금)오후6시나.신청방법중앙대 포탈(http://mportal.cau.ac.kr)에 접속한 뒤ID / PW입력 후 로그인→학사마당→학적변동신청→복학신청→허가(교학지원팀)→확인(학생본인)다.제대복학 제출서류-전역증 또는 주민등록초본을 스캔하여 복학 신청 시 업로드 필수(입대일 및 전역일 기재된 서류여야 함)-학기 개시 후4주 이내 전역이 가능한 자는 이를 증빙할 수 있는 확인서(부대장 확인서)를 첨부하여 복학 신청할 수 있음.(단 복학신청 기간 내 신청)라.학사경고 휴학자의 경우,복학 시 휴학자 학습지원 프로그램에 참여 해야만복학 신청 및 처리 가능(필수)-레인보우시스템 접속>인증/진단>학습클리닉>학습동기유형검사(MST)및자기조절학습검사(SLT)실시>검사결과지 표지를 캡처하여 포탈e-상담센터에업로드(부서‘학사팀’지정)3휴학 일정가.신청기간: 2025.1.23.(목)오전10시~ 2025.3.28.(금)오후6시(※매일23시~01시까지는 은행 점검 시간으로 인해 처리가 불가하오니 해당 시간을 피해 휴학 신청을 해주시기 바랍니다.)나.신청방법-중앙대 포탈(http://mportal.cau.ac.kr)에 접속한 뒤ID / PW입력 후 로그인→학사마당→학적변동신청→휴학신청→허가(교학지원팀)→확인(학생본인)다.입대휴학 제출서류-입영통지서 사본1부(군복무 중인 경우는 복무확인서)를 스캔하여 휴학 신청시 업로드 필수(입영일 및 입영부대 기재 된 서류)-방문 제출:소속대학 교학지원팀(휴학신청서 및 입영통지서 사본1부 제출)라.창업휴학 신청 절차 및 제출 서류1234567학생신청 및 심사서류 업로드(중앙대 포탈)→학생신청사항창업지원단으로  심의요청→서류심사(필요시학생면담)→현장조사→위원회심의→소속 단과대학 최종승인여부결정→신청학생에게결과 통보학생소속단과대학창업지원단소속 단과대학-신청자격1) 2학기 이상 이수한 학생2)창업교육과정(정규교과)을3학점 이상 수강한 학생3)창업기업의 대표(공동대표 포함)로 사업자등록증이 있는 학생-창업휴학은 기술창업 및 전공과 관련된 분야의 창업에 한하며,금융,부동산,숙박,서비스 업종 등은 제외.-제출서류:창업휴학신청서,사업자등록증 및 법인등기부등본,사업계획서,현장점검신청서,기타 필요자료(요청 시)포탈에서 다운받아작성한 후 반드시1개 파일로 통합하여 업로드해야 심사 가능.-신청기한:휴학신청 마감14일 전까지 신청완료 요망(현장조사 일정 필요)마.기타-상기의 휴학신청 기간을 지나 질병 또는 기타 부득이한 사유로 휴학 신청을하는 경우 기말고사 시작1주일 전인2025년6월10일(화)까지 해당 사유를증빙하는 서류를 교학지원팀에 제출하여 허가를 받아야 함.-제출서류1)질병:종합병원에서 발행한4주 이상의 치료를 요하는 진단서2)기타:해당 사유를 입증할 수 있는 서류2024. 12.교 무 처 장
2025학년도 전과(부) 모집 일정 안내	https://koll.cau.ac.kr/board/u-notice/?vid=39	국어국문학과	2024-12-09	2025학년도전과(부)모집 일정 안내1전형 일정구분일자 및 시간신청서 접수2025.1.9.(목) 15:00 ~ 1.13.(월) 15:00 (포탈)1단계 불합격자 안내2025.1.16.(목) 14:00 (캠퍼스 간 지원자에 한함)경쟁률 공고2025.1.17.(금)오전(홈페이지 게시판)면접 및 실기2025.1.23.(목) 10:00 ~최종 합격자 발표2025.1.31.(금) 15:00 (포탈)2접수 방법가.접수:중앙대포탈(http://mportal.cau.ac.kr)→학사정보→신청조회→전과신청나.접수 순서1)지원서 작성①전과 지원 학과(부)②학업계획서(400자 이내)③전과(부)사유(400자 이내)2) ‘신청’버튼 클릭(우측 상단)3)수험표 출력※주의사항I①접수는 포탈(온라인)로만 진행하며 별도 서류제출은 없음②학업계획서 및 전과(부)사유에400자 이상 작성 시 저장되지 않을 수 있음③수헙표는 신청 기간 내에만 출력 가능3전형료 납부가.전형료1)인문/자연계열: 40,000원2)예·체능계열: 70,000원나.전형료 납부1)접수 시 부여된 가상계좌로 납부(수험표 안내 사항에 기재됨)2)접수일에 따른 전형료 납부 일정접수일전형료 납부 일자 및 시간2025.1.9.(목)2025.1.10.(금) 10:00 ~ 1.14.(화) 16:002025.1.10.(금)2025.1.13.(월) 10:00 ~ 1.14.(화) 16:00금요일과 주말에 접수한 경우 월요일 오전10시부터 납부 가능2025.1.11.(토)2025.1.12.(일)2025.1.13.(월)2025.1.14.(화) 10:00 ~ 16:00※주의사항II①전형료는 접수일에 따라 납부 일자 및 시간이 상이하며,전형료 미납자는 전과 시험 응시 불가②전형료입금계좌는 학생본인명의 가상계좌로,1회에 한하여 입금 가능③입금금액이 상이할 경우 납부처리가 되지 않음④캠퍼스 간 전과 지원자 중1단계 불합격자는 전과 전형 최종 종료 후 환불처리(접수 시 환불계좌 입력 필수)4전형 고사실 및 대기실가.전형 장소:전 학문단위 서울 캠퍼스에서 진행(단,체육대학만 다빈치 캠퍼스에서 진행)나.학과(부)별 고사실:추후 홈페이지 공지(1단계 불합격자 발표 이후)5기타가.모집인윈,면접유형 등 모집공고 참조나.부정청탁 금지법에 따라 신청 기간 종료 후 추가 접수 불가2024. 12.교 무 처 장
2024-2학기 교원자격 무시험검정원서 제출 안내(학부생)	https://koll.cau.ac.kr/board/u-notice/?vid=41	국어국문학과	2024-12-16	2024-2학기 교원자격 무시험검정원서 제출 안내(학부생)1.대상사범대학 및 일반대학 교직설치학과에서 교직과정을 이수한2025년2월 졸업예정자로서중등학교 정교사(2급),유치원 정교사(2급),보건교사(2급),사서교사(2급),전문상담교사(2급),영양교사(2급)교원자격증 취득을 희망하는 자2.원서 제출기한 및 제출장소:~ 2024. 12. 31(화)까지 소속학과 사무실로 제출※기한엄수!제출 기한 이후 제출불가(복수전공 교직이수자의 경우 무시험검정원서에 복수전공(교직)내용 작성하여주전공 소속학과 사무실로제출.복수전공학과 사무실 제출 불요.)가.우편 제출 가능(단,우편 발송 전 서류 또는 작성내용에1)누락이 없는지,2)구비서류 순서가 맞는지확인 후 소속학과 사무실로 발송)나. 12월31일(화)마감일 소인까지 인정3.제출서류①무시험검정원서+개인정보제공동의서1부【붙임 서식】②성적증명서1부③수강신청 확인원1부:포탈→강의마당→수강신청확인원에서2024-2학기로 설정 후 조회 및 출력.(별도의 서명이나 확인란 도장 필요 없음.수료생은 미제출)④졸업예정증명서1부(※수료증명서 불가)⑤마약·대마·향정신성의약품중독 검사결과통보서1부【공지사항 바로가기】⑥(간호학과만 해당)간호사 합격확인서 및 면허증 사본1부:추후 제출⑦(식품영양전공만 해당)영양사 합격확인서 및 면허증 사본1부:추후 제출⑧(해당자에 한함)장애인등록증1부※제반서류는6개월 이내 발급된 것에 한함(단,⑤마약·대마·향정신성의약품 중독 검사결과통보서는1년 이내발급분까지 유효)※구비서류 순서에 맞추어 제출 요망4.기타 요건가.성적기준충족①‘09~’12년 입학자:전체 평균성적75점 이상②‘13년 이후 입학자:전공과목 전체평균75점,교직과목 전체평균80점이상나.교과과정의 변경 등으로 동일명칭의기본이수과목【바로가기】을 이수하지 않은 경우,기본이수과목일치증명서【다운로드】를 학과사무실에서 확인받은 후 무시험검정원서와 함께 제출하여야 함다.교직 적성 및 인성검사‘13학년도 이후 입학자는2회 이상 적격 판정을 받아야 함(’12학년도 이전 입학자는1회)라.응급처치 및 심폐소생술 실습을2회 이상이수하여야 함마.성인지교육2회 이상이수하여야 함(단,사범대학생 중`21학년도 이후 입학자부터는총4회 이상이수필요)바.무시험검정원서를 제출하지 않은 학생은 교원자격증 발급이 불가하오니 기간 내에 반드시 제출하여야 함사.무시험검정원서 제출자 중 합격자에 한해 학위증과 같이 교원자격증 수령가능아.무시험검정원서 심사 중 결격사유가 있는 학생에 한해 개별 연락예정5.문 의:교직팀(teaching@cau.ac.kr, 02-820-6450,5080)2024. 12.사범대학 교직팀
2025학년도 1학기 학부 수강신청 시행 계획(안)	https://koll.cau.ac.kr/board/u-notice/?vid=42	국어국문학과	2024-12-18	2025학년도1학기 학부 수강신청 시행 계획(안)구분일정비고강의시간표 조회(홈페이지)2025. 1. 13.(월) 10:00·강의계획서,강의평가 결과 공개·강의시간 변경 불가수강신청사전테스트장바구니 테스트2025. 1. 15.(수) 10:00 ~ 16:00·사전테스트 기간에 수강신청한 자료는사전테스트 기간 이후 일괄 삭제 조치함홀수학번 테스트2025. 1. 16.(목) 10:00 ~ 16:00짝수학번 테스트2025. 1. 17.(금) 10:00 ~ 16:00수강신청 게시판 운영2025. 2. 4.(화) 10:00 ~·장바구니 담기 기간,수강신청 기간,수강신청 정정기간 등 게시판 운영장바구니 담기2025. 2. 4.(화) 10:00 ~2. 6.(목) 24:00·재학상태인 학생만 참여 가능·수강신청 제한 학점까지만 가능·시간 중복 담기 불가※예비과목: 20과목까지 저장 가능(시간표 중복된 강의도 저장 가능)장바구니 이관 및 추첨2025. 2. 11.(화)·강좌별4개 영역별로 구분하여 장바구니 담은 인원이 수강인원보다 적은 영역은 자동 수강신청 처리·장바구니 미이관 과목은 여석4개 영역별 각 여석의30%비율을 추첨하여 이관(소수점 단위 절삭)※4개 영역-자자:자과 자학년-자타:자과 타학년-타부:타학과,부전공-복연:복수,연계,융합전공이관 결과 및 추첨 후 여석 공개2025. 2. 12.(수) 14:00·장바구니 자동 이관,추첨 이관 결과 및 여석 공개수강신청홀수학번2025. 2. 18.(화) 10:00 ~ 18:00·과목별 수강 정원 공개짝수학번2025. 2. 19.(수) 10:00 ~ 18:00전체학번2025. 2. 20.(목) 10:00 ~ 24:00·일반대학원 학생 선수과목 수강신청 가능(타부 여석)·외국인 교환학생 수강신청 가능신·편입생 수강신청2025. 2. 28.(금) 10:00 ~ 17:00·신·편입생 별도 수강신청 기간 운영2025학년도1학기 개강2025. 3. 4.(화)수강신청 정정2025. 3. 4.(화) 10:00 ~3. 10.(월) 24:00·수강 여석 통합 적용수강과목 취소2025. 3. 25.(화) 10:00 ~3. 31.(월) 24:00·개강4주차※유의사항·2025. 2. 4.(화) ~ 2. 6.(목)장바구니 담기 기간에 장바구니 담기를 하지 않을 경우,수강신청 자동 이관 혹은 추첨 이관의 대상이 되지 않으므로,반드시 장바구니 담기를 시행하여야 함-재학상태의 학생만 장바구니 담기가 가능하므로2025. 1. 31.(금)복학신청 완료일까지 복학 신청 완료 필수·학번홀수,짝수구분 방법-홀수:학번의 맨 끝자리가1, 3, 5, 7, 9인 학생–예) 2 0 2 1 0 0 01-짝수:학번의 맨 끝자리가2, 4, 6, 8, 0인 학생–예) 2 0 2 1 0 0 02·수강신청 학점이 수강신청 가능 학점에 미달하는 경우 잔여 학점을 최대3학점까지 연속된 정규 다음 학기로 이월하여 수강 신청할 수 있으며,휴학 시에는 이월 학점이 소멸됨(단,수강과목 취소 기간에 취소한 과목의 학점은 이월되지 않음)·대학 학사 운영의 공정성을 위하여 교과목을 담당하는 교원의 직계 자녀가 해당 교과목을 수강하는 것을 원칙적으로 금하며,불가피하게 해당 교과목을 수강하여야 할 경우 소속 단과대학에 신고하여야 함[교육부 대학학사제도과-14415(2018.12. 7.)관련]·2025. 1. 8.(수) ~ 1. 10.(금)기간 동안 수강신청 프로그램을 임시로 오픈하여 수강신청 담당자(직원)가 테스트를 진행할 수 있으니 참고하시기 바랍니다(테스트한 수강신청 자료는 테스트 종료 후 일괄 삭제).
동계 방학 중 학과사무실 근무시간 안내	https://koll.cau.ac.kr/board/u-notice/?vid=43	국어국문학과	2024-12-30	동계 방학 중 학과사무실 근무시간 안내기간근무시간비고24. 12. 23 (월) - 29 (일)25. 02. 17 (월) - 28 (금)09:00 - 17:00방학 1주차,방학 9 -10주차24. 12 .30 (월)- 25. 02. 16 (일)09:00 - 16:00방학 2-8주차
K-MOOC 신규강좌 수강 안내	https://koll.cau.ac.kr/board/u-notice/?vid=44	국어국문학과	2025-01-10	가.강좌 내역연번구분강좌명주차강의교수운영기간1장기딥러닝 기반 자연어처리15김영빈2025.01.07~2025.01.312장기웰빙 건강 다이어트15이무열3단기데이터 과학의EDA와 시각화데이터7민진영4단기첨단전략산업과 기술보호(연구개발보안)7장항배나.수강방법1)
2025학년도 1학기(1기) 고전번역분야우수인재연구장려금 지원 대상자 선발 모집	https://koll.cau.ac.kr/board/u-notice/?vid=47	국어국문학과	2025-01-24	○ 연구 주제 : 고전번역 관련 자유 주제○지원 대상가.한국고전번역원 부설 고전번역교육원 연구과정 재학생나.국내 고전번역 관련학과 석·박사과정 재학생※입학예정자 포함○ 선발 인원 : 10명○전형 방법:서류 전형(연구계획서 심사) 및 면접 전형○ 지급액 : 3,000,000원(1차지급 3월 1,500,000원, 2차 지급 6월 1,500,000원, 일정 세액 공제 후 지급)○전형 안내-서류 접수 기간:2025.1.17.(금) ~2.7.(금)17시까지-서류 접수 방법:한국고전번역원 부설 고전번역교육원 이메일(edu@itkc.or.kr)접수-서류 전형 합격자 발표:2025. 2. 18.(화)-면접 전형 일시:2025. 2. 22.(토)10:00~종료 시까지-면접 전형 장소:한국고전번역원 고전번역교육원2층 강의실(서울특별시 은평구 진관1로85,진관동 소재)-최종 합격자 발표:2025. 2. 27.(목),고전번역교육원 홈페이지 공시 및 개별 연락문의:02-350-4954 (고전번역우수인재연구장려금 담당자)
2025년 2월 학위수여식 학위복 대여 안내	https://koll.cau.ac.kr/board/u-notice/?vid=48	국어국문학과	2025-01-31	- 2025년2월 학위복 대여 안내문-졸업을 진심으로 축하드립니다. ‘2025년2월 학위수여식’졸업 가운 대여와 관련하여 다음과 같이 안내하오니 참고하시어 아래에 따라 학위복 대여를 신청하시기 바랍니다.1.학위복 대여 안내구분내용비고대상학사: ‘24년8월 및’25년2월 졸업자석사: ‘25년2월 졸업자※박사:별도 대여 없음(자체 준비)대여 일시2025. 2. 17.(월) ~ 2. 21.(금) 09:30 ~ 16:30※당일대여 당일반납점심시간(12:00 ~ 13:00)대여 장소서울캠퍼스301관206호대여 방법사전 예약 후개별적으로 수령/반납 실시-수령:신분증(주민등록증,운전면허증,여권 등)제출후 학위복 수령※학생증 및 모바일 신분증 불가-반납:학위복 반납 후 신분증 반환사전 예약방법교내포털▶학사마당▶졸업신청▶학위복 대여예약-신청방법:【붙임1】참조-사전 신청 기간:2025. 2. 10.(월) 14:00 ~ 2. 13.(목) 23:59문의총무처 총무팀02-820-61042.유의 사항가.지정된 시간 외에는 대여 절대 불가하며,대여 시간을 반드시 준수나.출차시 주차 정산소에 졸업식순지를 제시하거나,졸업식 참석 차량이라고 얘기하면무료 주차2시간 적용(이후 시간에 대해서는 일반 주차요금 적용)다.분실 시,개인 변상해야 하므로 이용에 각별히 주의할 것-변상금액(가운: 70,000원,모자/후드: 20,000원,모자수술: 3,000원)라.학위기(졸업증서)수령:각 소속 대학(원)교학지원팀 또는 행정실로 문의2025. 1.
2025년 2월 인문대학 학위기 배부 일정 안내	https://koll.cau.ac.kr/board/u-notice/?vid=49	국어국문학과	2025-02-03	2025년 2월 인문대학 졸업자 학위기 배부﻿1. 배부 일정 : 25. 2. 17 (월) 9시 이후2. 배부 장소 : 각 학과(부) 사무실- 유럽문화학부 소속 전공은 유럽문화학부 사무실(203관 836호, 02-820-5142)에서아시아문화학부 소속 전공은 아시아문화학부 사무실(203관 624호, 02-820-5172)에서 수령하시기 바랍니다.3. 학과(부) 별 연락처학과(부)전화학과사무실국어국문학과5084203-835영어영문학과5095203-525독일어문학전공5105203-613프랑스어문학전공5171203-612유럽문화학부사무실 및러시아어문학전공5239203-836일본어문학전공5118203-517중국어문학전공5243203-624철학과5130203-614역사학과5137203-720
2025년 2월 학부 졸업대상자 졸업사정 및 졸업유예 신청 관련 안내	https://koll.cau.ac.kr/board/u-notice/?vid=51	국어국문학과	2025-02-04	2025년2월 학부 졸업대상자 졸업사정 및 졸업유예 신청 관련 안내2025년2월 졸업대상자의 졸업사정 일정과 관련하여 다음과 같이 공지합니다.1일정구 분일 정졸업사정2025.1.7.(화) ~ 31.(금)졸업사정결과조회2025.2.3.(월) 10:00부터학사학위취득 유예 신청,졸업사정 결과 이의신청2025.2.3.(월) 10:00 ~ 2.5.(수) 23:59졸업증명서 발급2025.2.17.(월) 14:00이후2졸업사정결과 조회가.학생포탈 로그인>학사마당>졸업신청>졸업사정현황조회(학부) >졸업사정결과나. 2025년2월 졸업사정 대상자만 결과를 조회할 수 있습니다.3졸업사정결과 이의신청가.학생포탈 로그인>학사마당>졸업신청>졸업사정현황조회(학부) >졸업사정결과 이의신청에이의신청 사유 작성 후‘신청하기’클릭나.이의신청 내용은 소속대학 교학지원팀 담당자 확인 후 답변합니다.다.포탈을 통한졸업사정결과 이의신청은1회만 가능하며,상세한졸업사정내용은 소속대학 교학지원팀에 문의하셔야 합니다.4학사학위취득유예 신청가.신청대상1)대상:학사학위과정의 졸업예정자(2025년2월)및 기 학사학위취득유예자※졸업사정 결과 수료예정 및 졸업불가로 판정된 경우 신청불가2)제외:기수료자(단순유예자 제외),조기졸업 신청자,의학부,약학부 및 간호학과 재학생나.신청방법:학생포탈 로그인>학사마당>졸업신청>학사학위취득유예신청다.신청유형1)추가등록:학업연장자로 다음 학기 수강신청 및 등록 필수※기존‘단순유예’로 신청한 자는‘추가등록’으로 신청 불가2)단순유예:수료생 신분으로 등록 불가라.유의사항1)유예기간:재학연한 이내에서 학기 단위로 최대4회(단,건축학 전공은5회)※재학연한이 없는2012학년도 이전 입학생도 학기 단위로 최대4회까지신청2)유예기간 중 휴학할 수 없음3)단순유예자가 유예연장 시 추가등록으로 변경할 수 없음4)추가등록을 허가받은 자가 등록금을 납부하지 않는 경우,유예를 취소하고 졸업자로 처리함5)유예를 허가받은 자는 유예기간 학기 중 취소할 수 없음5기타졸업장 배부는 소속대학 교학지원팀에 문의하셔야 합니다.​2024. 12.교무처장
2024학년도 국어국문학과 실험실습비 집행내역 공표	https://koll.cau.ac.kr/board/u-notice/?vid=55	국어국문학과	2025-02-27	안녕하세요, 국어국문학과 사무실입니다.2024학년도 국어국문학과 실험실습비 집행내역을 공표하니 참고하시기 바랍니다.
2025학년도 1학기 전공 탐색 학사지도 프로그램 안내	https://koll.cau.ac.kr/board/u-notice/?vid=56	국어국문학과	2025-02-28	2025학년도 1학기 전공탐색 학사지도 프로그램 안내2025학년도 1학기 전공탐색 학사지도 프로그램을 아래와 같이 안내합니다.전공개방모집제도 신입생 및 재학생은 첨부파일 내 PDF 가이드북과 QR코드를 확인하시기 바랍니다.[전공탐색 학사지도 프로그램 안내]1. 신입생 전공탐색 가이드북 PDF2. 전공탐색 숏폼 영상 QR코드3. 신입생 전공탐색 가이드북 QR코드
FY2025 한국투자증권 상반기 업무직원 공채(신입사원 6급) (~3/24)	https://koll.cau.ac.kr/board/u-notice/?vid=57	국어국문학과	2025-03-04	■ 게시 내용 :📢FY2025 한국투자증권 상반기 업무직원 공채(신입사원6급)✅지원기간25년 3월 4일(화) ~ 3월 24일(월) 17:00까지✅모집부문- 지점창구업무 등✅담당업무- PB영업지원업무- 지점 내방/유선 고객 응대 및 관리- 계좌개설, 금융상품, 퇴직연금, 현금 및 증권 출납 담당 등✅지원방법온라인 접수 (https://career.koreainvestment.com/)✅전형방법 및 절차서류전형 > 직무역량평가 > 1차면접>채용검진 > 2차면접* 일정 및 채용절차는 회사사정을 고려하여 변경될 가능성이 있습니다.✅복리후생- 경조사 지원- 사내 대출 지원- 개인연금 50%지원- 휴양시설 이용포인트 제공✅문의처한국투자증권㈜ 채용교육부 (📞02-3276-6331/5421/6313/63076823/6947)※ 모집상세 및 접수방법 등 자세한 내용은 공고문 참고 부탁드립니다 🙂
[IBK기업은행] 2025년 상반기 신입행원 공개채용 (~3/17, 10:00)	https://koll.cau.ac.kr/board/u-notice/?vid=58	국어국문학과	2025-03-04	IBK기업은행에서 2025년 상반기 신입행원을모집하고 있습니다.고객과 함께 하는 IBK기업은행에서 끊임없이 성장하며 가치금융을 이룰 인재들의 많은 관심과 지원 부탁드립니다.더불어, IBK기업은행의 신입행원을 꿈꾸는 여러분을 위해온라인 라이브 채용설명회와 학교별 박람회, 캠퍼스 리크루팅이 준비되어 있습니다.온/오프라인 채용설명회 참여 시, 25년 상반기 채용안내는 물론필기시험 모의고사 응시권을 받을 수 있는 소중한 기회이니 놓치지 마세요!📍온라인 라이브 채용설명회3/4(화) 15:00~ IBK기업은행 유튜브 채널참여 신청하기 ▶https://www.careertalk.kr/event/ibklive참여혜택 ▶필기시험 모의고사 응시권 제공, 커피 기프티콘 제공(사전질문 선정자, 퀴즈 이벤트 당첨자 중 추첨)■신입행원 모집기간2월 27일(목) ~ 3월 17일(월) 10시■신입행원모집일정서류심사 > 필기시험(전국 5개 지역)>실기시험>면접시험 > 입사*모집분야 및 상세 직무소개는 아래 링크 클릭을 통해 확인할 수 있습니다.▶https://bit.ly/ibkrecruit■ 캠퍼스리크루팅일정📍오프라인 채용설명회/채용상담회학교별 상이 (자세한 일정은 아래 이미지를 참고해주세요.)
[스토리움] 스토리움 및 한 줄 로그라인 백일장	https://koll.cau.ac.kr/board/u-notice/?vid=59	국어국문학과	2025-03-04	신청기간 :2025년 3월4일(화)~ 3월 28일(금) 14시까지신청방법 : 1. 스토리움 홈페이지에 접속 후 회원가입 진행2. 로그인 후 스토리등록 진행3. 한 줄 로그라인 백일장 공고문 상단에 신청하기 클릭4. 신청폼에 맞춰 작성한 뒤 신청하기 누르면 완료자세한 사항은 첨부드린 홍보물 확인 부탁드립니다.>한 줄 로그라인 백일장 공고문 바로가기
2025 한화에너지 채용전제형 인턴 채용	https://koll.cau.ac.kr/board/u-notice/?vid=60	국어국문학과	2025-03-05	2025 한화에너지 채용전제형 인턴 채용 (3/4~3/23)[모집직무]공정 엔지니어 (기계)재무경영지원[전형일정 및 절차]지원서 접수 |'25.3.4(화) ~ '25.3.23(일) 15:00※ 한화인 채용 페이지 (www.hanwhain.com)을 통한 온라인 접수공고 확인하기|https://bit.ly/2025상반기한화에너지채용전형절차|서류전형 ▶ 면접전형 OT ▶ 1차 면접 ▶ 2차 면접 ▶ 인턴십(8주) ▶ 최종합격※ 전형절차 및 일정은 상황에 따라 변동될 수 있습니다.[지원자격]4년제 대학 이상 학위 보유자(또는 졸업예정자로서 6월부터 근무 가능자)남성의 경우, 병역필 또는 면제자로 해외여행에 결격사유가 없는 자[기타안내]지원서는한화그룹채용 사이트를 통해서만 접수하며 e-mail 및 오프라인을 통한 개별 접수는 받지 않습니다.입사지원서에 기재한 내용이 사실과 다르거나, 제출 서류가 허위로 판명될 경우 채용이 취소될 수 있습니다.각 전형절차 단계별 결과는 한화그룹 채용 사이트를 통해 확인하실 수 있습니다.국가등록장애인 및 보훈대상자 등 취업보호대상자는 관계 법령 및 사내 기준에 의거 우대합니다.문의사항은 한화그룹 채용 사이트 1:1 문의하기를 활용해주시기를 바랍니다.
2025 KRAFTON 신입채용	https://koll.cau.ac.kr/board/u-notice/?vid=61	국어국문학과	2025-03-05	크래프톤에서 2025 신입채용을 진행합니다.상세 내용은 홈페이지를 참고 부탁드립니다.[홈페이지]https://recruit.krafton.com/POSITION LIST[AI 분야]AI 응용연구게임 AI 응용 (RL)게임 AI 응용 (LLM)AI 게임테크 (클라이언트 프로그래밍)AI 테크 (백엔드 프로그래밍)[게임제작/지원 분야]프론트엔드 프로그래밍게임 컨텐츠 프로그래밍모바일 게임 엔진 프로그래밍모바일 게임 컨텐츠 프로그래밍VFX 아트 (Visual Effects)프리미엄 컨텐츠 기획개발PM프로세스 운영/기획사업PM
[LX판토스] 2025 상반기 국내/해외 채용연계형 인턴십 및 경력 공개 채용 (~3.24까지)	https://koll.cau.ac.kr/board/u-notice/?vid=62	국어국문학과	2025-03-05	[LX판토스] 2025 상반기 국내/해외 채용연계형 인턴십 및 경력 공개 채용 (~3.24까지)LX판토스에서 2025 상반기 국내/해외 채용연계형 인턴십 및 경력 공개 채용을 진행하고 있습니다.라이브 채용설명회도 진행 예정이니많은 관심 부탁드립니다.■ 모집분야국내 인턴십 : 포워딩, CL, 지원해외 인턴십 : 물류운영경력 : 포워딩, CL, LMD/설치, IT■ 접수기간: 3.4(화)~3.24(월)■지원방법 :LX Careers를 통한 지원https://apply.lxcareers.com/■라이브 채용 설명회 (국내/해외인턴십 전형)• 일시 : ’25. 03. 13(목) 15:00 ~ 16:30• 링크 :https://m.site.naver.com/1C9jM■문의 :LX Careers 홈페이지 내 [채용문의 - 1:1 질문하기]
[LX하우시스] 2025년 상반기 대졸 채용연계형 인턴, 학부/석·박사 산학장학생 모집 (~3.31까지)	https://koll.cau.ac.kr/board/u-notice/?vid=63	국어국문학과	2025-03-05	[LX하우시스] 2025년 상반기 대졸 채용연계형 인턴, 학부/석·박사 산학장학생 모집LX하우시스에서 2025 상반기 대졸 채용연계형 인턴, 학부/석·박사 산학장학생을 모집하고 있습니다.온라인 설명회도 진행 예정이니 많은 관심과 지원 부탁드립니다.■ 모집분야• 대졸 채용연계형 인턴 : 국내영업, 해외영업, 경영기획/관리, 생산기술, 설비(건축), 설비(에너지), 품질, 구매, 공간디자인• 학부 산학장학생 : 사업가, 엔지니어• 석·박사 산학장학생 : 연구■ 접수기간: 3.4(화)~3.31(월)■지원방법 :LX Careers를 통한 지원https://apply.lxcareers.com/■온라인 채용 설명회사전신청 없이 설명회장 링크 접속 가능• 채용연계형 인턴 : 3월 10일(월), 오후 17시• R&D 산학장학생 : 3월 11일(화), 오후 17시■자세히 알아보기https://25lxhausysrecruit.waveon.me
[LX인터내셔널] 2025년 상반기 신입사원 채용(채용연계형 인턴십) (~3.23까지)	https://koll.cau.ac.kr/board/u-notice/?vid=64	국어국문학과	2025-03-05	[LX인터내셔널] 2025년 상반기 신입사원 채용(채용연계형 인턴십)LX인터내셔널에서 2025 상반기 신입사원 (채용연계형 인턴십)을 모집하고 있습니다.온라인 설명회 참여자도 모집 중이니 많은 관심과 지원 부탁드립니다.■ 회사소개LX인터내셔널(구. LG상사)은 1953년에 설립된 종합사업회사입니다.현재는 전 세계 약 20개국 50여 개의 거점을 중심으로,시장/산업/사업 Insight에 기반한 차별화된 Business Solution을 제공하기 위해 다양한 사업을 전개하고 있습니다.앞으로 “미래 사업 개발의 주역이 되실 예비 사업가” 분들의 지원을 기다리고 있습니다.■ 모집분야해외영업 : 해외영업사업개발 : 자원 개발, 인프라/에너지 개발지원 : 재경, HR, IT■ 접수기간: 3.4(화)~3.23(일)■지원방법 :LX Careers를 통한 지원https://apply.lxcareers.com/*공고명 : [LX인터내셔널] 2025년 상반기 신입사원 채용 (채용연계형 인턴십)■온라인 채용 설명회• 일시 : ’25. 03. 13(목) 15:00 ~ 16:30• 방식 : 온라인 화상 플랫폼을 활용한 화상 설명회• 참가 신청 : 아래 설문조사 링크 또는 QR 코드를 통해 참가자 정보 제출하여 참가 신청※ 설문조사 참가https://moaform.com/q/ojcf1M(3/12(수) 18:00까지 설문 참여 가능)■문의 :LX인터내셔널 인재확보육성팀 / recruit@lxintl.co.kr※ 카카오 플러스 친구 “LX인터내셔널 채용”으로 문의하시면 더욱 빠른 답변이 가능합니다.
[롯데그룹] 3·6·9·12 예측가능한 롯데그룹 채용 3월 공고 오픈 (3/5~)	https://koll.cau.ac.kr/board/u-notice/?vid=65	국어국문학과	2025-03-05	[롯데그룹] 3·6·9·12 예측가능한 롯데그룹 채용 3월 공고 오픈(3/5~)■ 지원서 접수- 접수 방법 :롯데 채용 홈페이지 온라인 접수(https://recruit.lotte.co.kr/)- 서류모집 기간 : 2025.03.05(수) ~* 서류모집 기간의 경우, 계열사 별 상이하여 자세한 사항은 홈페이지 확인 바랍니다.■ 모집 직무- 영업/마케팅- 지원/전략- IT- 기술- 연구개발- 금융- 부동산■ 2025 상반기 롯데그룹 채용박람회- 일시 : 2025년 3월 4일(화) ~ 3월 7일(금)- 진행 학교 : 한양대, 연세대, 고려대, 서강대, 서울대, 성균관대(자연)* 외국인 유학생분들도 참여하실 수 있는 글로벌 채용 부스를 신설하였습니다.더불어, 참가자분들을 위한 다양한 이벤트가 준비되어있으니 많은 관심 부탁드립니다.※ 자세한 사항은 홈페이지를 확인해주세요!- 채용 홈페이지 :https://lotte-36912recruit.com/
[현대카드|현대커머셜] 2025 Internship (~3/19, 10:00)	https://koll.cau.ac.kr/board/u-notice/?vid=66	국어국문학과	2025-03-05	현대카드|현대커머셜에서 2025 Internship을 모집하고 있습니다.자신만의 강점과 열정을 발휘해 끊임없는 성장을 꿈꾸는 인재들의 많은 관심과 지원 부탁드립니다.■ 2025 현대카드|현대커머셜 Open Day : 사옥초청 채용설명회·일시 및 장소: 3/13(목) 14:00~17:00, 현대카드 본사(국회의사당역)·참석대상: 사전신청자 100명※신청인원 초과 시, 추첨을 통해 선발하여 3/10(월) 중 참석자 대상 문자 안내 예정·신청방법: ~3/10(월) 10:00까지 하단 링크 통해 접수·신청링크:https://www.careertalk.kr/pin/8066609■ 모집기간3월 4일(화) ~ 3월 19일(수) 오전 10시■ 모집분야General(카드상품기획, 금융상품영업, 재무/경영관리, 리스크/Collection, 경영지원, Brand 등)■ 모집일정서류전형 > 필기시험 > 1차면접 > 2차면접 > Internship > 입사*모집분야 및 상세 직무소개는 아래 링크와 버튼을 통해 확인할 수 있습니다.https://m.site.naver.com/1CEgm
[BGF로지스 2025년 1분기 신입 및 경력사원 공개채용]	https://koll.cau.ac.kr/board/u-notice/?vid=67	국어국문학과	2025-03-05	✅ 온라인 채용 설명회진행 일정 : 03월 14일(금)물류부문 : 14:00 ~ 16:00경영부문 : 16:00 ~ 18:00▶️(Click) 온라인 채용 설명회 신청하기✅ 오프라인 채용 설명회03월 06일(목) ~ 03월 13일(목)*상세 장소 및 일정은 채용공고를 확인해 주세요.✅ 공통모집요건(1) 경력 : 신입/경력(2) 학력 : 학력무관(3) 인원 : 00명✅ 모집직군[ 물류센터 ]- 자동화물류센터(CDC / 경기광주센터)- 지역 거점 물류센터(RDC)[ 본사 ]- 인사지원팀- 경영지원팀- 총무시설팀✅ 전형일정서류전형 →  AI역량검사 → 1차면접 → 채용건강검진 → 2차면접 → 합격✅ 지원 방법접수일정 : 03월 03일(월) ~ 03월 16일(일)지원서 제출 : bgf.recruiter.co.kr (채용홈페이지) 온라인 지원서 접수기타 상세한 지원자격 및 모집 내용은bgf.recruiter.co.kr (채용홈페이지)의 채용공고를 확인 부탁드립니다.▶️(Click)지원 공고 바로가기
2025학년도 국어국문학과 실험실습비 사용계획 공표	https://koll.cau.ac.kr/board/u-notice/?vid=68	국어국문학과	2025-03-06	안녕하세요, 국어국문학과 사무실입니다.2025학년도 국어국문학과 실험실습비 사용계획을 공표하니 참고하시기 바랍니다.
(마감) [유학생 멘토링] 2025-1 유학생 멘토링 멘토 모집	https://koll.cau.ac.kr/board/u-notice/?vid=69	국어국문학과	2025-03-07	안녕하세요,국어국문학과 유학생 조교 입니다.2025-1학년도 유학생 멘토링 프로그램의멘토를 모집합니다.접수기간:2025년3월7일(금) ~ 2025년3월14일(금) 밤12:00까지담당조교 이메일(giyeh3040@cau.ac.kr)로 파일 보내주십시오.(파일 이름은'학번_이름_2025-1멘토링 멘토 지원서'로 통일해주시기 바랍니다.)*양식 꼭 지켜주세요*( 3/16일요일 오전11시에 멘토 선정을 위한 간단한 줌zoom화상 면접 진행 예정)>멘토링 관련 문의사항은 국어국문학과 사무실(203관835호/ 02-820-5084)이나[담당조교]이메일(giyeh3040@cau.ac.kr)로 문의해 주시기 바랍니다. (주말 연락 불가능)1.멘토 지원 자격-학업성적이 우수한 자(직전 학기 평점 평균3.5이상) (신입생일 경우 본 기준 제외)-현 학기에 듣는 과목을 기준으로3지망까지 신청 가능※현 학기에 개설된 과목 중 멘토가 듣는 과목이 없을 경우 지난 학기 중 들었던 과목이 있다면 신청 가능-외국인 유학생과 의사소통이 가능한 학생 우대2.멘토 역할-학사 도우미(도서관 등의 학교 시설 이용 안내,전공 수업의 내용 이해,과제 등 수업 관련 정보 안내 등의 지원),학교 생활 도우미(외부활동 및 학교 생활 안내 등)-한 학기 기준 최소7회 이상 모임 진행(수업 멘토,생활 멘토 등)-멘토링 활동 보고서 제출(중간보고서,최종보고서 총2회)*중간보고서: 7주차 이후 제출*최종보고서:마지막 주차 이후 제출-관련 간담회 참여(오리엔테이션,최종간담회 총2회)*오리엔테이션: 3/19 수요일(점심12시~ 1시)담당 교수님과 선발 멘토들과의 간단한 도시락 점심식사 예정.*오리엔테이션에 최대한 참여 부탁드리며,급한 사정으로 인하여 참여 불가능할 경우,담당 조교에게 연락 바랍니다. ( zoom면접 진행 이후,한 번 더 공지하겠습니다.)*최종간담회:마지막 주차 이후 진행 예정,오리엔테이션처럼 간단한 점심식사로 마무리 예정.3.활동기간 및 세부 내용(1)활동 기간 및 조건-학기별 약16주 동안 수시 활동- 7회 이상 활동을 해야 함(불충족 시 장학금 미지급)-멘토 활동 시간은 한 학기 당 최소15시간 이상으로 함-보고서에는 해당 날짜에 만난 멘티 명단과 사진이 필수로 기입되어야 함-활동 중‘중간보고서’제출(베스트 멘토 선발에 영향을 미칩니다.성실한 보고서 작성 부탁드립니다.)-활동 종료 후‘최종보고서’제출(장학금 관련)*이번 학기는 전면 대면 수업이므로 멘토링도 대면 진행을 원칙으로 함.다만,수업 관련 활동의 경우 화상채팅이나 카카오톡 메신저 등 온라인 활동 가능.*대면 활동을3회 이상 진행해야 함.*온라인 활동을 하는 경우 온라인 상으로 활동했던 자료와 캡쳐 화면 등을 보고서에 기입.(2)추천 일정3월~4월:주1시간 이상+ 1회 이상 활동 권장(멘토-멘티 간 오리엔테이션 및 정보 교환 시간)-멘토-멘티 간 오리엔테이션 및 정보 교환 시간-학사 도우미 외에 다양한 활동 가능(한글 박물관,서울 투어 등 외부 활동)5월~6월:주1~2시간 이상 활동을 통하여 학사 정보 제공·지원 위주로 자유롭게 진행-학사 정보 제공 및 지원,시험 준비 위주로 자유롭게 진행-오프라인 활동1회 권장:학업 관련 활동이 아니어도 무방함4.기타사항(1)멘토링 관련 문의사항은 국어국문학과 사무실(203관835호/ 02-820-5084)이나 담당조교 이메일(giyeh3040@cau.ac.kr)로 문의해 주시기 바랍니다. (주말 연락 불가능)(2)공지사항 및 기타 추가 사항들은 이후 개설될 카카오톡 단체방에서 이루어질 예정입니다.꼭 수시로 확인해주세요.(3)멘토 장학금은 대략500,000원 정도로 예상됩니다. (추후 변동 가능)성실하고 우수하게 멘토링 활동을 한BEST멘토를 선정하여 추가 장학금이 지급될 예정입니다.멘토링 활동에 많은 관심과 참여 부탁드립니다.감사합니다.
(마감) [유학생 멘토링] 2025-1 유학생 멘토링 멘티 모집	https://koll.cau.ac.kr/board/u-notice/?vid=70	국어국문학과	2025-03-07	안녕하세요,국어국문학과 유학생 조교 입니다.2025-1학년도 유학생 멘토링 프로그램의멘티를 모집합니다.접수기간: 2025년3월7일(금) ~ 2025년3월16일(일) 밤 12시 까지담당조교 이메일(giyeh3040@cau.ac.kr)로 파일 보내주십시오.(파일 이름은'학번_이름_2025-1멘토링 멘티 지원서'로 통일해주시기 바랍니다.)*양식 꼭 지켜주세요*>멘토링 관련 문의사항은 국어국문학과 사무실(203관835호/ 02-820-5084)이나[담당조교]이메일(giyeh3040@cau.ac.kr)로 문의해 주시기 바랍니다. (주말 연락 불가능)1.멘티 지원 자격-국어국문학과 재학중인 학생 누구나(*선발 인원 변동 가능)교환학생 또는 재외국민 입학자는 불가능 합니다.-멘토링 프로그램에 적극적으로 참여할 학생2.멘토링 내용-멘티는 멘토에게 학사 도우미(도서관 등의 학교 시설 이용 안내,전공 수업의 내용 이해,과제 등 수업 관련 정보 안내 등의 지원),학교 생활 도우미(외부활동 및 학교 생활 안내 등)관련 멘토링을 받음.-한 학기 기준 최소7회 이상 멘토와의 모임 참석-멘토링 활동 완료 후 멘티 대상 만족도 조사에 참여해야 함.3.활동기간 및 세부 내용(1)활동 기간 및 조건-학기별 약16주 동안 수시 활동(3월~종강까지)- 7회 이상 활동을 해야 함(불충족 시 장학금 미지급)-멘토와 함께 하는 활동 시간은 한 학기 당 최소15시간 이상으로 함*이번 학기는 전면 대면 수업이므로 멘토링도 대면 진행을 원칙으로 함.다만,수업 관련 활동의 경우 화상채팅이나 카카오톡 메신저 등 온라인 활동 가능.*대면 활동을3회 이상 진행해야 함.(2)추천 일정3월~4월:주1시간 이상+ 1회 이상 활동 권장(멘토-멘티 간 오리엔테이션 및 정보 교환 시간)-멘토-멘티 간 오리엔테이션 및 정보 교환-학사 도우미 외에 다양한 활동 가능(한글 박물관,서울 투어 등 외부 활동)5월~6월:주1~2시간 이상 활동을 통하여 학사 정보 제공·지원 위주로 자유롭게 진행-학사 정보 제공 및 지원,시험 준비 위주로 자유롭게 진행-오프라인 활동1회 권장:학업 관련 활동이 아니어도 무방함(3)활동 조건 충족 시,베스트 멘티로 선정된 경우 장학금 지급함.4.기타사항(1)멘토링 관련 문의사항은 국어국문학과 사무실(203관835호/ 02-820-5084)이나 담당조교 이메일(giyeh3040@cau.ac.kr)로 문의해 주시기 바랍니다. (주말 연락 불가능)(2)공지사항 및 기타 추가 사항들은 이후 개설될 카카오톡 단체방에서 이루어질 예정입니다.꼭 수시로 확인해주세요.성실하고 우수하게 멘토링 활동을 한BEST멘티를 선정하여 추가 장학금이 지급될 예정입니다.멘토링 활동에 많은 관심과 참여 부탁드립니다.감사합니다.
우리 학과 출신 공현진(2024), 이희주(2025) 작가 문학동네 젊은작가상 수상 소식	https://koll.cau.ac.kr/board/u-notice/?vid=71	국어국문학과	2025-03-11	국어국문학과 출신 공현진(2024) ·이희주(2025)작가,문학동네 젊은작가상 연속 수상중앙대학교 국어국문학과 출신 소설가 공현진(2024)작가와 이희주(2025)작가가 각각2024년, 2025년 문학동네 젊은작가상을 수상하였습니다.문학동네 젊은작가상은 해당 연도에 발표된 우수한 중·단편소설을 선정하여 수여하는 문학상으로,실험성과 작품성을 갖춘 젊은 작가들에게 주어지는 권위 있는 상입니다.우리 학과 동문 작가들이2년 연속 이룬 뜻깊은 성취를 함께 축하합니다.공현진 작가(2024년 수상자)공현진 작가님의 수상작「어차피 세상은 멸망할 텐데」는 수영 강습 초급반을 배경으로, ‘눈치 없는’주호와‘욕망 없는’희주라는 인물을 통해 사회의 불평등과 생태학적 위기를 서서히 드러내는 작품입니다.특히,사회에서 최소한의 생존 감각으로 여겨지는‘눈치’를 상실한 주호의 행동을 통해 공동체 내에서의 소외와 생존의 의미를 깊이 있게 탐구합니다.공현진 작가님은2023년『동아일보』신춘문예 당선작「녹」을 통해 우리 사회의 약자가 겪는 문제를 치밀하고 정교한 문체로 그려내며 평단과 독자의 주목을 받았습니다.이번 수상작에서도 성실하고 정직하게 살아온 인물들을 통해 우리가 상실한 심리적·육체적 안전을 섬세하게 조명하며,비관적인 제목과 달리 삶에 대한 긍정적인 메시지를 전달하고 있습니다.“물속에서 숨을 쉬는 방식이 물 밖과는 달라야 한다는 것이,제게 이상한 전율과 슬픔과 안도감을 주었어요.그리고 이런 생각도 했습니다.누군가에겐 물 밖이 물속과 같겠구나.저는 우리가 물속이든,물 밖이든 숨을 쉴 수 있으면 좋겠습니다.”(공현진 작가,인터뷰 중에서)이희주 작가(2025년 수상자)이희주 작가님은2016년 첫 장편소설『환상통』으로 제5회 문학동네 대학소설상을 수상하며 문단에 데뷔한 이후,장편소설『성소년』,연작소설『사랑의 세계』,단편소설「마유미」등을 발표하며 독창적인 작품 세계를 구축해 왔습니다.특히 장편소설『성소년』은 미국 대형 출판사 하퍼콜린스와 영국 대형 출판사 팬 맥밀런에1억원대 선인세를 받고 수출되었으며,이탈리아,독일,러시아 등 유럽 국가에서도 큰 관심을 받고 있는 작품입니다.영미권 출판사에서 차세대 젊은 소설가에게 이례적으로 높은 선인세를 제안하며 신뢰와 지지를 보낸 점은,이희주 작가님의 문학적 역량과 국제적 경쟁력을 입증하는 중요한 성취입니다.문학평론가 오은교는『성소년』에 대해“사랑과 범죄 사이의 에로티시즘,돌봄과 학대 사이의 누아르,신성과 세속 사이의 유락.지금 한국문학에서 이런 미학을 선보이는 작가는 이희주가 거의 유일하며 가장 유창하다”라고 평가한 바 있습니다.또한,팬 맥밀런 출판사는『성소년』과 세계관을 공유하는 작가의 차기작『성소녀』(2025년 국내 발표 예정)를 검토할 우선권을 요청하며,앞으로 펼쳐질 이희주 작가님의 작품 세계에 대한 강한 기대감을 드러냈습니다.우리 학과 동문으로서 자랑스러운 성과를 거두신 공현진 작가님과 이희주 작가님의 연속 수상을 진심으로 축하드리며,앞으로의 활발한 작품 활동을 응원하겠습니다.사진출처: 문학광장누리집, 중앙대학교
2025학년도 1학기 수강과목 취소 및 내역 확인 안내	https://koll.cau.ac.kr/board/u-notice/?vid=72	국어국문학과	2025-03-19	2025학년도 1학기 수강과목 취소 및 수강내역 확인 안내드립니다.
학칙 개정(안) 의견 조회	https://koll.cau.ac.kr/board/u-notice/?vid=73	국어국문학과	2025-03-26	중앙대학교 학칙 개정(안)에 대해 다음과 같이 안내드립니다.1. 관련근거가. 중앙대학교학칙제94조(공고) 및 제95조(의견제출)나. 기획처 기획팀-216(2025. 3. 19.) 2025년 4월학칙개정(안) 심의 결과 보고2. 위 관련근거에 따라 중앙대학교학칙개정(안)을다음과같이 안내하오니 의견이있을 경우 2025년 3월 31일(월)까지 제출하여 주시기바랍니다.가.학칙개정(안) 주요 내용1) 외국인 유학생 정원외 전담학과(전공) 신설[별표 1, 별표 4개정]- 인문대학, 경영경제대학 및 가상융합대학 내 외국인 유학생 정원외전담학과(전공)신설- 외국인 유학생 정원외 전담전공 신설에 따른 기존 학과 학부 단위로 개편2) 일반대학원·전문대학원 첨단분야 입학정원 증원[제17조, 별표 2-1 및별표 3-1개정]- 일반대학원 입학정원 증원 및 일반대학원 학생정원표 중 증원된 학과명과증원 정원 기재- 전문대학원(첨단영상대학원) 학생정원표 중 증원된 학과명과 증원 정원 기재나. 검토 의견서 양식 : 붙임2 참조- 제출처 : 기획처 기획팀 담당자 이메일(minhy119@cau.ac.kr)※ 기한 내 미제출 시 의견 없음으로 처리 예정
2025학년도 1학기 강의 Feedback 실시 안내	https://koll.cau.ac.kr/board/u-notice/?vid=74	국어국문학과	2025-03-28	2025학년도 1학기 강의 Feedback 실시 안내드립니다.첨부파일 확인 바랍니다.가. 2025학년도 1학기 강의 Feedback 개요구분내용비고기간2025. 3. 25.(화) 10:00 ~ 2025. 4. 7.(월) 24:00대상2025학년도 1학기에 개설된 모든 강의(대학원 포함)방법포탈(http://mportal.cau.ac.kr)로그인→강의마당→ 수업 → 강의 Feedback메뉴로 접속하여 작성나.유의 사항1)수강과목 취소 후 '강의 Feedback' 참여 불가(수강과목 취소 전 실시 가능)※ 수강과목 취소 기간 : 2025. 3. 25.(화) 10:00 ~ 2025. 3. 31.(월) 24:002) '강의 Feedback' 실시 기간 중 Feedback 내용 수정 가능
2025학년도 2학기 전공개방 세미나 신청 안내	https://koll.cau.ac.kr/board/u-notice/?vid=76	국어국문학과	2025-04-03	2025학년도 2학기 전공개방 세미나 신청 안내2025학년도 2학기 전공개방모집 입학자 대상 전공개방 세미나 관련하여 공지합니다.1. 인문대학 전공개방 신청조건- 대상: 전공개방모집 입학자- 신청조건① 2학기 이상 등록하여 성적 취득② 1학년 1, 2학기를 각각 12학점 이상 이수③ 전공탐색 세미나 필참- 전공개방과 관련하여 자세한 사항은 붙임1 파일 참고2. 전공개방 세미나 신청가. 신청 기한: 2025. 4. 8(화) ~ 4. 30(수)나. 제출 서류: 붙임2 작성 후 온라인 제출다. 제출처: cauhuman@cau.ac.kr라. 기타1) 희망하는 전공의 전공개방세미나에 참석해야 함2) 세미나를 참석하더라도 신청조건에 맞지 않을 경우 전공개방 조건 미충족3) 전공개방 세미나는 학과별로 개최될 예정이며, 신청한 학생들에게 개별 연락 예정4) 전공개방 신청의 정확한 일정은 추후 공지 예정전공개방과 관련하여 문의사항이 있으신 학생들은 인문대학 교학지원팀(02-820-5047)로 문의주시기 바랍니다.인문대학 홈페이지:중앙대학교_인문대학
4·19혁명 제65주년 기념식 안내	https://koll.cau.ac.kr/board/u-notice/?vid=77	국어국문학과	2025-04-14	가. 일시: 2025년 4월 18일(금) 11:00 ~나. 장소: 서울캠퍼스 중앙도서관 앞 의혈탑다. 참석대상:총장단, 교무위원, 총동문회, 4·19혁명 공로자회,4·19혁명중앙대학교기념사업회, 교ㆍ직원,노동조합, 학생대표자, 재학생 등라. 진행내용: 기념식 진행, 헌화, 분향, 참배 등(※ 구체적인내용 [붙임] 시행계획 참조)
문화체험형 장애인식개선교육(법정의무교육) 참여 안내	https://koll.cau.ac.kr/board/u-notice/?vid=79	국어국문학과	2025-04-14	가.행사명: 문화체험형 장애인식개선교육나.일시: 2025.04.21.(월)14:00~15:00, 1시간다. 장소: 서울캠퍼스 310관 1층 대신홀라. 대상: 중앙대학교 전체 구성원마.주최: 학생처 장애학생지원센터바.주관: 학생처 장애학생지원센터, (사)한국장애인문화예술단체총연합회사. 지원: 고용노동부 한국장애인고용공단아.프로그램 일정시간(장소)제목내용 및 방법기타14:00~15:00(310관 1층대신홀)4월 20일장애인의 날 기념브릿지온앙상블 무대*교육 시간:총 60분- 사업 소개(5분): 강사 소개, 교육지원사업 설명- 문화체험형 교육(35분): 앙상블 연주- 이론 교육(20분): 법정필수교육* 공연 장르 :클래식, K-POP, 영화 음악, 동요 등*공연 방식- 장애예술인과 전문 강사가 함께 진행- 종합예술 콘텐츠(클래식, K-POP 등)로 구성한국장애인고용공단 지원자. 비고1) 본 프로그램은 참여자에 대해 장애인복지법 상 <사회적 장애인식개선교육(1시간, 학생, 교직원), 장애인고용촉진 및 직업재활법 상 <직장 내 장애인인식개선교육(1시간, 교직원)> 인정2) 참석자 전원에게 '스타벅스 모바일 쿠폰' 증정(100명 한정, 사전 신청)3)사전신청링크:https://forms.gle/43PEiYkxL1kR9bUY6
2025 포괄적 인권교육(E-class) 실시 안내	https://koll.cau.ac.kr/board/u-notice/?vid=80	국어국문학과	2025-04-14	가. 교육목적: 중앙대학교 구성원의 성인지감수성 및 인권의식 향상나. 교육대상:중앙대학교 재학생(학부생 및 대학원생)다. 교육안내1) E-class 개설 강좌명구분강좌명1[2025포괄적 인권교육]스토킹범죄 및 교제폭력 예방 교육2[2025포괄적 인권교육] 디지털 성범죄 예방 교육3[2025포괄적 인권교육] 캠퍼스 문화와 2차 피해 예방4[2025포괄적 인권교육]기후위기와 인권이야기15[2025포괄적 인권교육]기후위기와 인권이야기2※ 모든 재학생은 별도의 수강신청 없이 e-class 접속 후 즉시 수강 가능합니다.2)수강방법:스마트폰, PC 등을 통한 상시 수강 가능3)수강기간:2025.04.01.(화) ~ 2025.12.31.(수)4) 참여혜택:강좌 수강 후교육만족도 조사 참여 시 비교과 마일리지100점 지급-5개 강좌 모두 완료 시 비교과 마일리지 최대 500점 지급-강좌별 비교과 마일리지는 최초 1회만 지급※교육만족도 조사 미참여 시마일리지가 지급되지 않을 수 있습니다.라.비교과 마일리지 지급 방법: 수강기간(3차)을 기준으로 순차 지급수강기간온라인 교육만족도 조사마일리지 지급2025.04.01. ~2025.06.30.7월 1주7월 3주2025.07.01. ~2025.09.30.10월 1주10월 3주2025.10.01. ~2025.12.31.2026년 1월 1주2026년 1월 3주※교육만족도 조사설문지는 중앙대학교 포탈에 등록된 전화번호로 문자 전송됩니다.
2025학년도 2학기 복수, 연계, 융합, 자기설계, 부전공 신청 안내	https://koll.cau.ac.kr/board/u-notice/?vid=81	국어국문학과	2025-04-24	2025학년도2학기복수,연계,융합,자기설계,부전공 신청안내공통신청기간 및 자격기준가.신청기간: 2025. 5. 19.(월) 10시~ 5. 30.(금) 18시나.신청자격:신입학자는2학기 이상,편입학자는1학기 이상 이수하고 평균 평점이2.00이상인 자단,차세대반도체학과 신청자는 평균평점3.0이상인 자※졸업예정학기 신청 불가(일반적인4학년 편제의 경우8차 학기 신청 불가),부전공 신청은 평균평점 제한 없음다.선정기준:대학의 강의시설 및 기자재 현황,교·강사 수급 사정 등을 고려하여 허가 인원 결정라.신청방법:중앙대 포탈에서 직접 신청(중앙대 포탈→학사마당→전공신청)마.합격자 공고1)발표일:2025. 7. 17.(목) 14시2)확인방법:중앙대 포탈에서 직접 확인▷중앙대 포탈→내 정보수정(Logout옆 본인 이름 클릭 시)→“다전공 현황”에서 확인▷보여지는 전공이 합격된 다전공이며,불합격된 다전공은 내역이 보이지 않음바.기타1) 2009학년도 이후 입학생:전공심화과정 또는 복수․연계․융합․자기설계전공 중 하나 이상 의무이수(부전공 미포함2) 2002학년도 이후~2008학년도 입학생:전공심화과정 또는 부․복수․연계․융합․자기설계전공 중 하나 이상 의무이수(부전공 포함)3)학문단위별 선발 기준 및 커트라인은 각 단과대학 홈페이지 공지사항 참고1복수전공(동일학부 내 타 전공에 대한 복수전공도 반드시 신청하여야 함)가.대상 학과(부)1)의과대학,약학대학,적십자간호대학,건축학부[건축학전공(5년제)],경영학부[글로벌 금융전공],지식경영학부를 제외한 학과로 신청 가능2)캠퍼스 간 또는 동일 캠퍼스 내에 복수전공 희망 학과(부)와 동일․유사 학과(부)가 있는 경우 허가하지 않음가)동일학과:학문단위 구조조정으로 통폐합된 구 학문단위와 신 학문단위(예:사회과학대학 상경학부와 경영경제대학 경영학부,사회과학대학 경제학과와 경영경제대학 경제학부 등)나)캠퍼스간 유사학과서울다빈치사범대학 체육교육과체육대학 스포츠과학부공과대학 화학신소재공학부공과대학 첨단소재공학과창의ICT공과대학융합공학부 나노바이오소재공학전공공과대학 첨단소재공학과창의ICT공과대학융합공학부 바이오메디컬공학전공공과대학 첨단소재공학과예)다빈치 캠퍼스 소속 학생은 스포츠과학부와 체육교육과가 유사학과로 지정되어 있어 사범대학 체육교육과 지원 불가나.대학별 복수전공 이수기준-학과(부)별 전공기초 이수기준 반드시 확인(해당 학과 사무실에 문의)-복수전공의 이수학점은 허가 학년도 이수기준에 따름대학전공이수학점대학전공이수학점대학전공이수학점인문대학45학점창의ICT공과대학45학점소프트웨어대학45학점사회과학대학45학점경영경제대학45학점예술공학대학45학점사범대학50학점생명공학대학45학점가상융합대학45학점자연과학대학45학점예술대학54학점공과대학45학점체육대학54학점2연계전공,융합전공(https://www.cau.ac.kr/cms/FR_CON/index.do?MENU_ID=130&P_TAB_NO=3&TAB_NO=3#;)가. 연계전공연계전공명주관학과(부)참여학과최소 이수학점시행년도외식산업경영식품공학부식품영양전공생명공학대학 식품공학부 식품영양전공경영경제대학 경영학부,경제학부예술대학 실내환경디자인전공,교양대학362000유통관리경제학부경영경제대학 국제물류학과,경영학부,경제학부사회과학대학 도시계획부동산학과,심리학과,생명공학대학 식품영양전공예술대학 패션디자인전공,교양대학362001공기업관리공공인재학부사회과학대학 공공인재학부,경영경제대학 경영학부,경제학부362005공공규범공공인재학부사회과학대학 공공인재학부,사회학과,심리학과,인문대학 철학과,교양대학362010글로벌 한국학국제처 국제교류팀사회과학대학 공공인재학부,사회복지학부,도시계획부동산학과,경영경제대학 국제물류학과,사범대학 교육학과,공과대학 건축학부 건축학전공,국제대학원 국제학과,교양대학362019공공관리공공인재학부사회과학대학 공공인재학부,정치국제학과,사회학과,심리학과,사회복지학부,경영경제대학 경제학부,경영학부,응용통계학과,사범대학 교육학과362020반도체제조공학기계공학부기계공학부,전자전기공학부,차세대반도체학과422025※글로벌 한국학 연계전공은 영어트랙으로 입학한 외국인 유학생만 신청 가능나.융합전공융합전공명주관학과(부)참여학과(부)최소이수학점시행년도금융AI경영학부경영학부,경제학부,응용통계학과,수학과,소프트웨어학부452009문화콘텐츠국어국문학과국어국문학과,영어영문학과,일본어문학전공,철학과,역사학과,프랑스어문학전공,심리학과,첨단영상대학원,일반대학원 국어국문학과,교양대학362009창업학경제학부경영학부,경제학부,광고홍보학과,전자전기공학부,소프트웨어학부,실내환경디자인전공,교양대학362014게임·인터렉티브미디어가상융합대학실감미디어학과,경영학부,테크놀로지아트융합전공,교양대학362017소프트웨어·인문인문대학인문대학,소프트웨어학부,산업보안학과362017테크놀로지아트소프트웨어학부소프트웨어학부,산업보안학과,362018사이버보안산업보안학과소프트웨어학부,산업보안학과362018소프트웨어벤처경영학부경영학부,소프트웨어학부,산업보안학과,창업학융합전공362019문화다양성프랑스어문학전공국어국문학과,유럽문화학부,아시아문화학부,사회복지학부,교양대학362020한류문화국어국문학과국어국문학과,역사학과,철학과,아시아문화학부,심리학과,사회학과,미디어커뮤니케이션학부,경영학부,광고홍보학과,교양대학362021인공지능인문국어국문학과국어국문학과,철학과,사회복지학부, AI학과,교양대학,인공지능인문학연구소362024데이터프라이버시산업보안학과산업보안학과,소프트웨어학부,사이버보안융합전공,교양대학362024※게임·인터렉티브미디어 융합전공:포탈 신청 후 첨부된 자기소개서 작성하여 지정메일로 제출-지정메일:cau.megaschool@gmail.com-제출마감: 6월13일(금)까지3자기설계전공(https://www.cau.ac.kr/cms/FR_CON/index.do?MENU_ID=130&P_TAB_NO=3&TAB_NO=4)가.대상과목:자기설계전공 편성 시기존의 개설과목만 활용나.교과과정 편성원칙1)교과과정의 편성학점 수는 최소54학점 이상 편성하는 것을 원칙으로 함(최대78학점까지 가능)2)교양영역의 교과목도 편성할 수 있음(단,공통교양 제외)3)실험․실습 교과목편성은 제외하는 것을 원칙으로 함4)최소3개 학과 이상의 교과목으로 편성(주전공 포함 가능)다.학점이수1)최소전공이수학점: 36학점 이상2)교차인정과목을 포함한 최소전공인정 학점을 모두 이수하여야 함3)주전공에서 이수한 교과목과 자기설계전공 교과목이 중복될 경우 교차인정의 범위는 최대6학점 이내로 함4)자기설계전공 허가 이전에 이수한 자기설계전공의 과목도 자기설계전공과목 학점으로 인정5)부전공,복수전공,연계전공,융합전공 이수자가 부전공,복수전공,연계전공,융합전공을 포기하고 자기설계전공 허가를받을 경우 이수한 과목도 자기설계전공과목 학점으로 인정할 수 있음6)주전공 외에 제2전공 또는 제3전공으로서만 자기설계전공을 신청할 수 있으며,자기설계전공만을 단일전공으로 하여졸업할 수 없음라.신청 방법(자기설계전공 신청Process)1)지도교수 자문(필수)-설계전공 편성을 도와주실 지도교수님을 찾아 자문-전공 명칭,학위명,교육과정 전반에 대한 자문을 득한 후 해당 내용대로 포탈에서 신청-자문을 구하지 않은 경우1단계 지도교수 심사에서 탈락될 수 있음※지도교수는 소속 학과 지도교수일 필요는 없으나,설계전공과 관련 있는 교수님이어야 함※학위명 주의 사항-“법학사”사용 불가(근거:법학전문대학원 설치 운영에 관한 법률)-참고자료 중앙대학교 학칙(별표4)학사학위과정 학위명 또는 공지문 붙임 파일 참조2)포탈에서 설계전공 신청-중앙대 포탈→학사마당→전공신청→자기설계전공 신청(붙임 매뉴얼 참조)-지도교수 자문을 통해 구성한 내용대로 신청3)포탈에서 승인 결과 확인4부전공가. 선발방법 및 졸업요건구분2009학년도 이후 입학생2008학년도 이전 입학생선발방법교육여건을 감안하여 학과(부)별심사기준에 따라 허가교육여건을 감안하여 학과(부)별심사기준에 따라 허가졸업요건전공심화과정 또는 복수․연계․융합․자기설계전공 중 하나이상 의무이수전공심화과정 또는 부․복수․연계․융합․자기설계전공 중 하나이상 의무이수의무이수 요건에서 부전공 제외의무이수 요건에서 부전공 포함나.대상학과(부)1)의과대학,약학대학,적십자간호대학,건축학부[건축학전공(5년제)],경영학부[글로벌금융 전공],지식경영학부를 제외한 학과로 신청 가능2)캠퍼스 간 또는 동일캠퍼스 내에 부전공 희망학과(부)와 동일․유사학과(부)가 있는 경우 허가하지 않음가)동일학과:학문단위 구조조정으로 통폐합된 구 학문단위와 신 학문단위(예:사회과학대학상경학부와 경영경제대학 경영학부,사회과학대학 경제학과와 경영경제대학 경제학부 등)나)유사학과서울안성사범대학 체육교육과체육대학 스포츠과학부공과대학 화학신소재공학부공과대학 첨단소재공학과창의ICT공과대학융합공학부 나노바이오소재공학전공공과대학 첨단소재공학과창의ICT공과대학융합공학부 바이오메디컬공학전공공과대학 첨단소재공학과예)다빈치 캠퍼스 소속 학생은 스포츠과학부와 체육교육과가 유사학과로 지정되어 있어 사범대학 체육교육과 지원 불가다.부전공관련 세부사항은 수강 및 학사안내 참고2025. 4. 25.교 무 처 장※참고: 25-1학기 인문대학 내 다전공 선발 기준﻿https://human.cau.ac.kr/community/notice/View.asp?IDX=6694&start=16&search=&searchkey=인문대학 공지 URL:https://human.cau.ac.kr/community/notice/View.asp?IDX=6705&start=&search=&searchkey=
